빌드 시작: 2026-06-20 오후 2:02:34
로깅의 세부 정보 표시가 Detailed(으)로 설정되었습니다.     0>출력이 파일로 리디렉션되기 때문에 터미널 로거가 사용되지 않았습니다.
       프로세스 = "C:\Program Files\dotnet\dotnet.exe"
       MSBuild 실행 파일 경로 = "C:\Program Files\dotnet\sdk\9.0.302\MSBuild.dll"
       명령줄 인수 = "C:\Program Files\dotnet\sdk\9.0.302\MSBuild.dll -maxcpucount -verbosity:m -tlp:default=auto -nologo -target:Restore -verbosity:diag Assembly-CSharp.csproj -flp:logfile=dotnet-restore-diag.tmp.log -distributedlogger:Microsoft.DotNet.Tools.MSBuild.MSBuildLogger,C:\Program Files\dotnet\sdk\9.0.302\dotnet.dll*Microsoft.DotNet.Tools.MSBuild.MSBuildForwardingLogger,C:\Program Files\dotnet\sdk\9.0.302\dotnet.dll"
       현재 디렉터리 = "D:\GitRepo\SUMMONER_Refactor\Workpiece\Summoner"
       MSBuild 버전 = "17.14.13+65391c53b"
       Windows 레지스트리 키 LongPathsEnabled에 따라 LongPaths 기능이 사용입니다.
       Windows 레지스트리 키 VerifiedAndReputablePolicyState에 따른 SAC 상태 = 0: 꺼짐.
       Evaluation 동안 로드된 어셈블리: System.Diagnostics.StackTrace, Version=9.0.0.0, Culture=neutral, PublicKeyToken=b03f5f7f11d50a3a(위치: C:\Program Files\dotnet\shared\Microsoft.NETCore.App\9.0.7\System.Diagnostics.StackTrace.dll, MVID: a7e3bc44-89d1-4cc0-b89d-928a71095e52, AssemblyLoadContext: Default)
       Evaluation 동안 로드된 어셈블리: System.Reflection.Metadata, Version=9.0.0.0, Culture=neutral, PublicKeyToken=b03f5f7f11d50a3a(위치: C:\Program Files\dotnet\shared\Microsoft.NETCore.App\9.0.7\System.Reflection.Metadata.dll, MVID: 6e38b5f6-9f55-41d1-a506-a57a273571f1, AssemblyLoadContext: Default)
       SDK "Microsoft.NET.Sdk"이(가) "DefaultSdkResolver" 확인자에 의해 "C:\Program Files\dotnet\sdk\9.0.302\Sdks\Microsoft.NET.Sdk\Sdk" 위치 및 "" 버전으로 확인되었습니다.
       C:\Program Files\dotnet\sdk\9.0.302\Sdks\Microsoft.NET.Sdk\Sdk\Sdk.props(49,11): message : 환경에서 값이 'MSBuildExtensionsPath'인 속성 'C:\Program Files\dotnet\sdk\9.0.302\'이(가) 확장되었습니다.
       C:\Program Files\dotnet\sdk\9.0.302\Current\Microsoft.Common.props(51,5): message : 속성 재할당: $(BaseIntermediateOutputPath)=C:\Program Files\dotnet\sdk\9.0.302\Current\Microsoft.Common.props (51,5)의 "Temp\obj\\Assembly-CSharp\"(이전 값: "Temp\obj\\Assembly-CSharp")
       C:\Program Files\dotnet\sdk\9.0.302\Current\Microsoft.Common.props(60,5): message : 속성 재할당: $(MSBuildProjectExtensionsPath)=C:\Program Files\dotnet\sdk\9.0.302\Current\Microsoft.Common.props (60,5)의 "D:\GitRepo\SUMMONER_Refactor\Workpiece\Summoner\Temp\obj\\Assembly-CSharp\"(이전 값: "Temp\obj\\Assembly-CSharp\")
       C:\Program Files\dotnet\sdk\9.0.302\Current\Microsoft.Common.props(84,119): message : 환경에서 값이 'MSBuildUserExtensionsPath'인 속성 'C:\Users\rudgn\AppData\Local\Microsoft\MSBuild'이(가) 확장되었습니다.
       C:\Program Files\dotnet\sdk\9.0.302\Sdks\Microsoft.NET.Sdk\targets\Microsoft.NET.Sdk.props(90,5): message : 속성 재할당: $(AssemblySearchPaths)=C:\Program Files\dotnet\sdk\9.0.302\Sdks\Microsoft.NET.Sdk\targets\Microsoft.NET.Sdk.props (90,5)의 "{CandidateAssemblyFiles};{HintPathFromItem}"(이전 값: "{CandidateAssemblyFiles}")
       C:\Program Files\dotnet\sdk\9.0.302\Sdks\Microsoft.NET.Sdk\targets\Microsoft.NET.Sdk.props(91,5): message : 속성 재할당: $(AssemblySearchPaths)=C:\Program Files\dotnet\sdk\9.0.302\Sdks\Microsoft.NET.Sdk\targets\Microsoft.NET.Sdk.props (91,5)의 "{CandidateAssemblyFiles};{HintPathFromItem};{TargetFrameworkDirectory}"(이전 값: "{CandidateAssemblyFiles};{HintPathFromItem}")
       C:\Program Files\dotnet\sdk\9.0.302\Sdks\Microsoft.NET.Sdk\targets\Microsoft.NET.Sdk.props(92,5): message : 속성 재할당: $(AssemblySearchPaths)=C:\Program Files\dotnet\sdk\9.0.302\Sdks\Microsoft.NET.Sdk\targets\Microsoft.NET.Sdk.props (92,5)의 "{CandidateAssemblyFiles};{HintPathFromItem};{TargetFrameworkDirectory};{RawFileName}"(이전 값: "{CandidateAssemblyFiles};{HintPathFromItem};{TargetFrameworkDirectory}")
       "DefaultSdkResolver" 확인자가 SDK "Microsoft.NET.SDK.WorkloadAutoImportPropsLocator"을(를) 확인하려고 했습니다.
       경고: null
       오류: MSB4276: 디렉터리 "Microsoft.NET.SDK.WorkloadAutoImportPropsLocator"이(가) 없으므로 기본 SDK 확인자가 SDK "C:\Program Files\dotnet\sdk\9.0.302\Sdks\Microsoft.NET.SDK.WorkloadAutoImportPropsLocator\Sdk"을(를) 확인하지 못했습니다.
       Evaluation 동안 로드된 어셈블리: Microsoft.Build.NuGetSdkResolver, Version=6.14.0.116, Culture=neutral, PublicKeyToken=31bf3856ad364e35(위치: C:\Program Files\dotnet\sdk\9.0.302\Microsoft.Build.NuGetSdkResolver.dll, MVID: ee5cca45-a90e-417e-aaf7-f0e96f222226, AssemblyLoadContext: MSBuild plugin C:\Program Files\dotnet\sdk\9.0.302\Microsoft.Build.NuGetSdkResolver.dll)
       Evaluation 동안 로드된 어셈블리: NuGet.Common, Version=6.14.0.116, Culture=neutral, PublicKeyToken=31bf3856ad364e35(위치: C:\Program Files\dotnet\sdk\9.0.302\NuGet.Common.dll, MVID: 0fbb79ae-e358-4591-bc91-e34371a3d05b, AssemblyLoadContext: MSBuild plugin C:\Program Files\dotnet\sdk\9.0.302\Microsoft.Build.NuGetSdkResolver.dll)
       Evaluation 동안 로드된 어셈블리: Microsoft.NET.Sdk.WorkloadMSBuildSdkResolver, Version=9.0.302.0, Culture=neutral, PublicKeyToken=31bf3856ad364e35(위치: C:\Program Files\dotnet\sdk\9.0.302\Microsoft.NET.Sdk.WorkloadMSBuildSdkResolver.dll, MVID: 49fe4bce-2222-44ea-8759-fe0971817860, AssemblyLoadContext: MSBuild plugin C:\Program Files\dotnet\sdk\9.0.302\Microsoft.NET.Sdk.WorkloadMSBuildSdkResolver.dll)
       Evaluation 동안 로드된 어셈블리: Microsoft.DotNet.Cli.Utils, Version=9.0.302.0, Culture=neutral, PublicKeyToken=adb9793829ddae60(위치: C:\Program Files\dotnet\sdk\9.0.302\Microsoft.DotNet.Cli.Utils.dll, MVID: e1d3a3c2-74a7-4f13-b59f-b8da1c26061a, AssemblyLoadContext: MSBuild plugin C:\Program Files\dotnet\sdk\9.0.302\Microsoft.NET.Sdk.WorkloadMSBuildSdkResolver.dll)
       Evaluation 동안 로드된 어셈블리: Microsoft.NET.Sdk.WorkloadManifestReader, Version=9.0.302.0, Culture=neutral, PublicKeyToken=adb9793829ddae60(위치: C:\Program Files\dotnet\sdk\9.0.302\Microsoft.NET.Sdk.WorkloadManifestReader.dll, MVID: dd74f125-7109-49ce-b485-56580be93492, AssemblyLoadContext: MSBuild plugin C:\Program Files\dotnet\sdk\9.0.302\Microsoft.NET.Sdk.WorkloadMSBuildSdkResolver.dll)
       Evaluation 동안 로드된 어셈블리: Microsoft.Deployment.DotNet.Releases, Version=2.0.0.0, Culture=neutral, PublicKeyToken=31bf3856ad364e35(위치: C:\Program Files\dotnet\sdk\9.0.302\Microsoft.Deployment.DotNet.Releases.dll, MVID: 400d16c0-099c-46d2-bc0e-802a0637399b, AssemblyLoadContext: MSBuild plugin C:\Program Files\dotnet\sdk\9.0.302\Microsoft.NET.Sdk.WorkloadMSBuildSdkResolver.dll)
       Evaluation 동안 로드된 어셈블리: System.Text.Json, Version=9.0.0.0, Culture=neutral, PublicKeyToken=cc7b13ffcd2ddd51(위치: C:\Program Files\dotnet\shared\Microsoft.NETCore.App\9.0.7\System.Text.Json.dll, MVID: 6ba4aaa2-7806-46e5-ada7-d20877c43f4f, AssemblyLoadContext: Default)
       SDK "Microsoft.NET.SDK.WorkloadAutoImportPropsLocator"이(가) "Microsoft.DotNet.MSBuildWorkloadSdkResolver" 확인자에 의해 "null" 위치 및 "null" 버전으로 확인되었습니다.
       C:\Program Files\dotnet\sdk\9.0.302\Sdks\Microsoft.NET.Sdk\targets\Microsoft.NET.PackProjectTool.props(15,5): message : 속성 재할당: $(TargetsForTfmSpecificContentInPackage)=C:\Program Files\dotnet\sdk\9.0.302\Sdks\Microsoft.NET.Sdk\targets\Microsoft.NET.PackProjectTool.props (15,5)의 ";PackTool;_PackProjectToolValidation"(이전 값: ";PackTool")
       D:\GitRepo\SUMMONER_Refactor\Workpiece\Summoner\Assembly-CSharp.csproj(19,5): message : 속성 재할당: $(RootNamespace)=D:\GitRepo\SUMMONER_Refactor\Workpiece\Summoner\Assembly-CSharp.csproj (19,5)의 ""(이전 값: "Assembly-CSharp")
       D:\GitRepo\SUMMONER_Refactor\Workpiece\Summoner\Assembly-CSharp.csproj(28,5): message : 속성 재할당: $(DebugType)=D:\GitRepo\SUMMONER_Refactor\Workpiece\Summoner\Assembly-CSharp.csproj (28,5)의 "full"(이전 값: "portable")
       D:\GitRepo\SUMMONER_Refactor\Workpiece\Summoner\Assembly-CSharp.csproj(31,5): message : 속성 재할당: $(DefineConstants)=D:\GitRepo\SUMMONER_Refactor\Workpiece\Summoner\Assembly-CSharp.csproj (31,5)의 "UNITY_2022_3_44;UNITY_2022_3;UNITY_2022;UNITY_5_3_OR_NEWER;UNITY_5_4_OR_NEWER;UNITY_5_5_OR_NEWER;UNITY_5_6_OR_NEWER;UNITY_2017_1_OR_NEWER;UNITY_2017_2_OR_NEWER;UNITY_2017_3_OR_NEWER;UNITY_2017_4_OR_NEWER;UNITY_2018_1_OR_NEWER;UNITY_2018_2_OR_NEWER;UNITY_2018_3_OR_NEWER;UNITY_2018_4_OR_NEWER;UNITY_2019_1_OR_NEWER;UNITY_2019_2_OR_NEWER;UNITY_2019_3_OR_NEWER;UNITY_2019_4_OR_NEWER;UNITY_2020_1_OR_NEWER;UNITY_2020_2_OR_NEWER;UNITY_2020_3_OR_NEWER;UNITY_2021_1_OR_NEWER;UNITY_2021_2_OR_NEWER;UNITY_2021_3_OR_NEWER;UNITY_2022_1_OR_NEWER;UNITY_2022_2_OR_NEWER;UNITY_2022_3_OR_NEWER;PLATFORM_ARCH_64;UNITY_64;UNITY_INCLUDE_TESTS;ENABLE_AR;ENABLE_AUDIO;ENABLE_CACHING;ENABLE_CLOTH;ENABLE_EVENT_QUEUE;ENABLE_MICROPHONE;ENABLE_MULTIPLE_DISPLAYS;ENABLE_PHYSICS;ENABLE_TEXTURE_STREAMING;ENABLE_VIRTUALTEXTURING;ENABLE_LZMA;ENABLE_UNITYEVENTS;ENABLE_VR;ENABLE_WEBCAM;ENABLE_UNITYWEBREQUEST;ENABLE_WWW;ENABLE_CLOUD_SERVICES;ENABLE_CLOUD_SERVICES_ADS;ENABLE_CLOUD_SERVICES_USE_WEBREQUEST;ENABLE_CLOUD_SERVICES_CRASH_REPORTING;ENABLE_CLOUD_SERVICES_PURCHASING;ENABLE_CLOUD_SERVICES_ANALYTICS;ENABLE_CLOUD_SERVICES_BUILD;ENABLE_EDITOR_GAME_SERVICES;ENABLE_UNITY_GAME_SERVICES_ANALYTICS_SUPPORT;ENABLE_CLOUD_LICENSE;ENABLE_EDITOR_HUB_LICENSE;ENABLE_WEBSOCKET_CLIENT;ENABLE_GENERATE_NATIVE_PLUGINS_FOR_ASSEMBLIES_API;ENABLE_DIRECTOR_AUDIO;ENABLE_DIRECTOR_TEXTURE;ENABLE_MANAGED_JOBS;ENABLE_MANAGED_TRANSFORM_JOBS;ENABLE_MANAGED_ANIMATION_JOBS;ENABLE_MANAGED_AUDIO_JOBS;ENABLE_MANAGED_UNITYTLS;INCLUDE_DYNAMIC_GI;ENABLE_SCRIPTING_GC_WBARRIERS;PLATFORM_SUPPORTS_MONO;RENDER_SOFTWARE_CURSOR;ENABLE_VIDEO;ENABLE_ACCELERATOR_CLIENT_DEBUGGING;ENABLE_NAVIGATION_PACKAGE_DEBUG_VISUALIZATION;ENABLE_NAVIGATION_HEIGHTMESH_RUNTIME_SUPPORT;ENABLE_NAVIGATION_UI_REQUIRES_PACKAGE;PLATFORM_STANDALONE;TEXTCORE_1_0_OR_NEWER;PLATFORM_STANDALONE_WIN;UNITY_STANDALONE_WIN;UNITY_STANDALONE;ENABLE_RUNTIME_GI;ENABLE_MOVIES;ENABLE_NETWORK;ENABLE_NVIDIA;ENABLE_CRUNCH_TEXTURE_COMPRESSION;ENABLE_OUT_OF_PROCESS_CRASH_HANDLER;ENABLE_CLUSTER_SYNC;ENABLE_CLUSTERINPUT;PLATFORM_UPDATES_TIME_OUTSIDE_OF_PLAYER_LOOP;GFXDEVICE_WAITFOREVENT_MESSAGEPUMP;PLATFORM_INITIALIZES_MEMORY_MANAGER_EXPLICITLY;ENABLE_MONO;NET_STANDARD_2_0;NET_STANDARD;NET_STANDARD_2_1;NETSTANDARD;NETSTANDARD2_1;ENABLE_PROFILER;DEBUG;TRACE;UNITY_ASSERTIONS;UNITY_EDITOR;UNITY_EDITOR_64;UNITY_EDITOR_WIN;ENABLE_UNITY_COLLECTIONS_CHECKS;ENABLE_BURST_AOT;UNITY_TEAM_LICENSE;ENABLE_CUSTOM_RENDER_TEXTURE;ENABLE_DIRECTOR;ENABLE_LOCALIZATION;ENABLE_SPRITES;ENABLE_TERRAIN;ENABLE_TILEMAP;ENABLE_TIMELINE;ENABLE_LEGACY_INPUT_MANAGER;TEXTCORE_FONT_ENGINE_1_5_OR_NEWER;CSHARP_7_OR_LATER;CSHARP_7_3_OR_NEWER"(이전 값: "TRACE")
       D:\GitRepo\SUMMONER_Refactor\Workpiece\Summoner\Assembly-CSharp.csproj(34,5): message : 속성 재할당: $(NoWarn)=D:\GitRepo\SUMMONER_Refactor\Workpiece\Summoner\Assembly-CSharp.csproj (34,5)의 "0169;USG0001"(이전 값: "1701;1702")
       D:\GitRepo\SUMMONER_Refactor\Workpiece\Summoner\Assembly-CSharp.csproj(35,5): message : 속성 재할당: $(AllowUnsafeBlocks)=D:\GitRepo\SUMMONER_Refactor\Workpiece\Summoner\Assembly-CSharp.csproj (35,5)의 "False"(이전 값: "false")
       C:\Program Files\dotnet\sdk\9.0.302\Sdks\Microsoft.NET.Sdk\targets\Microsoft.NET.Sdk.ImportPublishProfile.targets(28,5): message : 속성 재할당: $(PublishProfileImported)=C:\Program Files\dotnet\sdk\9.0.302\Sdks\Microsoft.NET.Sdk\targets\Microsoft.NET.Sdk.ImportPublishProfile.targets (28,5)의 "false"(이전 값: "true")
       Evaluation 동안 로드된 어셈블리: NuGet.Frameworks, Version=6.14.0.116, Culture=neutral, PublicKeyToken=31bf3856ad364e35(위치: C:\Program Files\dotnet\sdk\9.0.302\NuGet.Frameworks.dll, MVID: 6b5909cd-5145-46c4-9595-25461e82c126, AssemblyLoadContext: Assembly.LoadFile(C:\Program Files\dotnet\sdk\9.0.302\NuGet.Frameworks.dll))
       C:\Program Files\dotnet\sdk\9.0.302\Sdks\Microsoft.NET.Sdk\targets\Microsoft.NET.TargetFrameworkInference.targets(69,5): message : 속성 재할당: $(TargetPlatformVersion)=C:\Program Files\dotnet\sdk\9.0.302\Sdks\Microsoft.NET.Sdk\targets\Microsoft.NET.TargetFrameworkInference.targets (69,5)의 ""(이전 값: "0.0")
       C:\Program Files\dotnet\sdk\9.0.302\Sdks\Microsoft.NET.Sdk\targets\Microsoft.NET.DefaultOutputPaths.targets(109,5): message : 속성 재할당: $(IntermediateOutputPath)=C:\Program Files\dotnet\sdk\9.0.302\Sdks\Microsoft.NET.Sdk\targets\Microsoft.NET.DefaultOutputPaths.targets (109,5)의 "Temp\obj\\Assembly-CSharp\"(이전 값: "Temp\obj\\Assembly-CSharp")
       C:\Program Files\dotnet\sdk\9.0.302\Sdks\Microsoft.NET.Sdk\targets\Microsoft.NET.DefaultOutputPaths.targets(122,5): message : 속성 재할당: $(DefaultItemExcludes)=C:\Program Files\dotnet\sdk\9.0.302\Sdks\Microsoft.NET.Sdk\targets\Microsoft.NET.DefaultOutputPaths.targets (122,5)의 ";Temp\bin\Debug\/**;Temp\obj\\Assembly-CSharp\/**"(이전 값: ";Temp\bin\Debug\/**")
       "DefaultSdkResolver" 확인자가 SDK "Microsoft.NET.SDK.WorkloadManifestTargetsLocator"을(를) 확인하려고 했습니다.
       경고: null
       오류: MSB4276: 디렉터리 "Microsoft.NET.SDK.WorkloadManifestTargetsLocator"이(가) 없으므로 기본 SDK 확인자가 SDK "C:\Program Files\dotnet\sdk\9.0.302\Sdks\Microsoft.NET.SDK.WorkloadManifestTargetsLocator\Sdk"을(를) 확인하지 못했습니다.
       SDK "Microsoft.NET.SDK.WorkloadManifestTargetsLocator"이(가) "Microsoft.DotNet.MSBuildWorkloadSdkResolver" 확인자에 의해 "C:\Program Files\dotnet\sdk-manifests\9.0.100\microsoft.net.sdk.android\35.0.78" 위치 및 "null" 버전으로 확인되었습니다.
       C:\Program Files\dotnet\sdk\9.0.302\Sdks\Microsoft.NET.Sdk\targets\Microsoft.NET.Sdk.BeforeCommon.targets(192,5): message : 속성 재할당: $(_FrameworkVersionForImplicitDefine)=C:\Program Files\dotnet\sdk\9.0.302\Sdks\Microsoft.NET.Sdk\targets\Microsoft.NET.Sdk.BeforeCommon.targets (192,5)의 "2_1"(이전 값: "2.1")
       C:\Program Files\dotnet\sdk\9.0.302\Roslyn\Microsoft.CSharp.Core.targets(200,5): message : 속성 재할당: $(CommandLineArgsForDesignTimeEvaluation)=C:\Program Files\dotnet\sdk\9.0.302\Roslyn\Microsoft.CSharp.Core.targets (200,5)의 "-langversion:9.0 -define:UNITY_2022_3_44;UNITY_2022_3;UNITY_2022;UNITY_5_3_OR_NEWER;UNITY_5_4_OR_NEWER;UNITY_5_5_OR_NEWER;UNITY_5_6_OR_NEWER;UNITY_2017_1_OR_NEWER;UNITY_2017_2_OR_NEWER;UNITY_2017_3_OR_NEWER;UNITY_2017_4_OR_NEWER;UNITY_2018_1_OR_NEWER;UNITY_2018_2_OR_NEWER;UNITY_2018_3_OR_NEWER;UNITY_2018_4_OR_NEWER;UNITY_2019_1_OR_NEWER;UNITY_2019_2_OR_NEWER;UNITY_2019_3_OR_NEWER;UNITY_2019_4_OR_NEWER;UNITY_2020_1_OR_NEWER;UNITY_2020_2_OR_NEWER;UNITY_2020_3_OR_NEWER;UNITY_2021_1_OR_NEWER;UNITY_2021_2_OR_NEWER;UNITY_2021_3_OR_NEWER;UNITY_2022_1_OR_NEWER;UNITY_2022_2_OR_NEWER;UNITY_2022_3_OR_NEWER;PLATFORM_ARCH_64;UNITY_64;UNITY_INCLUDE_TESTS;ENABLE_AR;ENABLE_AUDIO;ENABLE_CACHING;ENABLE_CLOTH;ENABLE_EVENT_QUEUE;ENABLE_MICROPHONE;ENABLE_MULTIPLE_DISPLAYS;ENABLE_PHYSICS;ENABLE_TEXTURE_STREAMING;ENABLE_VIRTUALTEXTURING;ENABLE_LZMA;ENABLE_UNITYEVENTS;ENABLE_VR;ENABLE_WEBCAM;ENABLE_UNITYWEBREQUEST;ENABLE_WWW;ENABLE_CLOUD_SERVICES;ENABLE_CLOUD_SERVICES_ADS;ENABLE_CLOUD_SERVICES_USE_WEBREQUEST;ENABLE_CLOUD_SERVICES_CRASH_REPORTING;ENABLE_CLOUD_SERVICES_PURCHASING;ENABLE_CLOUD_SERVICES_ANALYTICS;ENABLE_CLOUD_SERVICES_BUILD;ENABLE_EDITOR_GAME_SERVICES;ENABLE_UNITY_GAME_SERVICES_ANALYTICS_SUPPORT;ENABLE_CLOUD_LICENSE;ENABLE_EDITOR_HUB_LICENSE;ENABLE_WEBSOCKET_CLIENT;ENABLE_GENERATE_NATIVE_PLUGINS_FOR_ASSEMBLIES_API;ENABLE_DIRECTOR_AUDIO;ENABLE_DIRECTOR_TEXTURE;ENABLE_MANAGED_JOBS;ENABLE_MANAGED_TRANSFORM_JOBS;ENABLE_MANAGED_ANIMATION_JOBS;ENABLE_MANAGED_AUDIO_JOBS;ENABLE_MANAGED_UNITYTLS;INCLUDE_DYNAMIC_GI;ENABLE_SCRIPTING_GC_WBARRIERS;PLATFORM_SUPPORTS_MONO;RENDER_SOFTWARE_CURSOR;ENABLE_VIDEO;ENABLE_ACCELERATOR_CLIENT_DEBUGGING;ENABLE_NAVIGATION_PACKAGE_DEBUG_VISUALIZATION;ENABLE_NAVIGATION_HEIGHTMESH_RUNTIME_SUPPORT;ENABLE_NAVIGATION_UI_REQUIRES_PACKAGE;PLATFORM_STANDALONE;TEXTCORE_1_0_OR_NEWER;PLATFORM_STANDALONE_WIN;UNITY_STANDALONE_WIN;UNITY_STANDALONE;ENABLE_RUNTIME_GI;ENABLE_MOVIES;ENABLE_NETWORK;ENABLE_NVIDIA;ENABLE_CRUNCH_TEXTURE_COMPRESSION;ENABLE_OUT_OF_PROCESS_CRASH_HANDLER;ENABLE_CLUSTER_SYNC;ENABLE_CLUSTERINPUT;PLATFORM_UPDATES_TIME_OUTSIDE_OF_PLAYER_LOOP;GFXDEVICE_WAITFOREVENT_MESSAGEPUMP;PLATFORM_INITIALIZES_MEMORY_MANAGER_EXPLICITLY;ENABLE_MONO;NET_STANDARD_2_0;NET_STANDARD;NET_STANDARD_2_1;NETSTANDARD;NETSTANDARD2_1;ENABLE_PROFILER;DEBUG;TRACE;UNITY_ASSERTIONS;UNITY_EDITOR;UNITY_EDITOR_64;UNITY_EDITOR_WIN;ENABLE_UNITY_COLLECTIONS_CHECKS;ENABLE_BURST_AOT;UNITY_TEAM_LICENSE;ENABLE_CUSTOM_RENDER_TEXTURE;ENABLE_DIRECTOR;ENABLE_LOCALIZATION;ENABLE_SPRITES;ENABLE_TERRAIN;ENABLE_TILEMAP;ENABLE_TIMELINE;ENABLE_LEGACY_INPUT_MANAGER;TEXTCORE_FONT_ENGINE_1_5_OR_NEWER;CSHARP_7_OR_LATER;CSHARP_7_3_OR_NEWER"(이전 값: "-langversion:9.0")
       C:\Program Files\dotnet\sdk\9.0.302\Microsoft.Common.CurrentVersion.targets(89,5): message : 속성 재할당: $(TargetPlatformIdentifier)=C:\Program Files\dotnet\sdk\9.0.302\Microsoft.Common.CurrentVersion.targets (89,5)의 "Windows"(이전 값: "")
       C:\Program Files\dotnet\sdk\9.0.302\Microsoft.Common.CurrentVersion.targets(90,5): message : 속성 재할당: $(TargetPlatformVersion)=C:\Program Files\dotnet\sdk\9.0.302\Microsoft.Common.CurrentVersion.targets (90,5)의 "7.0"(이전 값: "")
       Evaluation 동안 로드된 어셈블리: Microsoft.Build.Utilities.Core, Version=15.1.0.0, Culture=neutral, PublicKeyToken=b03f5f7f11d50a3a(위치: C:\Program Files\dotnet\sdk\9.0.302\Microsoft.Build.Utilities.Core.dll, MVID: 2000cbb9-9145-4991-a19a-93118dd860c2, AssemblyLoadContext: Default)
       C:\Program Files\dotnet\sdk\9.0.302\Microsoft.Common.CurrentVersion.targets(175,5): message : 속성 재할당: $(_DebugSymbolsProduced)=C:\Program Files\dotnet\sdk\9.0.302\Microsoft.Common.CurrentVersion.targets (175,5)의 "true"(이전 값: "false")
       C:\Program Files\dotnet\sdk\9.0.302\Microsoft.Common.CurrentVersion.targets(185,5): message : 속성 재할당: $(_DocumentationFileProduced)=C:\Program Files\dotnet\sdk\9.0.302\Microsoft.Common.CurrentVersion.targets (185,5)의 "false"(이전 값: "true")
       C:\Program Files\dotnet\sdk\9.0.302\Microsoft.Common.CurrentVersion.targets(392,5): message : 속성 재할당: $(MSBuildCopyMarkerName)=C:\Program Files\dotnet\sdk\9.0.302\Microsoft.Common.CurrentVersion.targets (392,5)의 "Assembly.44154EF1"(이전 값: "Assembly-CSharp.csproj")
       C:\Program Files\dotnet\sdk\9.0.302\Microsoft.Common.CurrentVersion.targets(393,5): message : 속성 재할당: $(MSBuildCopyMarkerName)=C:\Program Files\dotnet\sdk\9.0.302\Microsoft.Common.CurrentVersion.targets (393,5)의 "Assembly.44154EF1.Up2Date"(이전 값: "Assembly.44154EF1")
       C:\Program Files\dotnet\sdk\9.0.302\Microsoft.Common.CurrentVersion.targets(541,5): message : 속성 재할당: $(ProcessorArchitecture)=C:\Program Files\dotnet\sdk\9.0.302\Microsoft.Common.CurrentVersion.targets (541,5)의 "msil"(이전 값: "")
       C:\Program Files\dotnet\sdk\9.0.302\Microsoft.Common.CurrentVersion.targets(580,5): message : 속성 재할당: $(DelaySign)=C:\Program Files\dotnet\sdk\9.0.302\Microsoft.Common.CurrentVersion.targets (580,5)의 ""(이전 값: "false")
       C:\Program Files\dotnet\sdk\9.0.302\Microsoft.Common.CurrentVersion.targets(2620,5): message : 환경에서 값이 'LOCALAPPDATA'인 속성 'C:\Users\rudgn\AppData\Local'이(가) 확장되었습니다.
       C:\Program Files\dotnet\sdk\9.0.302\Microsoft.Common.CurrentVersion.targets(3948,5): message : 속성 재할당: $(_SGenGenerateSerializationAssembliesConfig)=C:\Program Files\dotnet\sdk\9.0.302\Microsoft.Common.CurrentVersion.targets (3948,5)의 "Auto"(이전 값: "")
       C:\Program Files\dotnet\sdk\9.0.302\Microsoft.Common.CurrentVersion.targets(3949,5): message : 속성 재할당: $(_SGenGenerateSerializationAssembliesConfig)=C:\Program Files\dotnet\sdk\9.0.302\Microsoft.Common.CurrentVersion.targets (3949,5)의 "Off"(이전 값: "Auto")
       C:\Program Files\dotnet\sdk\9.0.302\Microsoft.Common.CurrentVersion.targets(5160,5): message : 속성 재할당: $(_TargetsThatPrepareProjectReferences)=C:\Program Files\dotnet\sdk\9.0.302\Microsoft.Common.CurrentVersion.targets (5160,5)의 "
       C:\Program Files\dotnet\sdk\9.0.302\Microsoft.Common.CurrentVersion.targets(5160,5): message :       AssignProjectConfiguration;
       C:\Program Files\dotnet\sdk\9.0.302\Microsoft.Common.CurrentVersion.targets(5160,5): message :       _SplitProjectReferencesByFileExistence
       C:\Program Files\dotnet\sdk\9.0.302\Microsoft.Common.CurrentVersion.targets(5160,5): message :     "(이전 값: "_SplitProjectReferencesByFileExistence")
       C:\Program Files\dotnet\sdk\9.0.302\Microsoft.Common.CurrentVersion.targets(6955,5): message : 환경에서 값이 'MSBuildExtensionsPath32'인 속성 'C:\Program Files\dotnet\sdk\9.0.302'이(가) 확장되었습니다.
       Evaluation 동안 로드된 어셈블리: System.Threading.Tasks.Parallel, Version=9.0.0.0, Culture=neutral, PublicKeyToken=b03f5f7f11d50a3a(위치: C:\Program Files\dotnet\shared\Microsoft.NETCore.App\9.0.7\System.Threading.Tasks.Parallel.dll, MVID: 4de5d855-9345-49aa-a301-03a826627923, AssemblyLoadContext: Default)
       C:\Program Files\dotnet\sdk\9.0.302\Sdks\Microsoft.NET.Sdk\targets\Microsoft.PackageDependencyResolution.targets(24,5): message : 속성 재할당: $(ProjectAssetsFile)=C:\Program Files\dotnet\sdk\9.0.302\Sdks\Microsoft.NET.Sdk\targets\Microsoft.PackageDependencyResolution.targets (24,5)의 "D:\GitRepo\SUMMONER_Refactor\Workpiece\Summoner\Temp\obj\Assembly-CSharp\project.assets.json"(이전 값: "D:\GitRepo\SUMMONER_Refactor\Workpiece\Summoner\Temp\obj\\Assembly-CSharp\/project.assets.json")
       C:\Program Files\dotnet\sdk\9.0.302\Sdks\Microsoft.NET.Sdk\targets\Microsoft.PackageDependencyResolution.targets(29,5): message : 속성 재할당: $(ProjectAssetsCacheFile)=C:\Program Files\dotnet\sdk\9.0.302\Sdks\Microsoft.NET.Sdk\targets\Microsoft.PackageDependencyResolution.targets (29,5)의 "D:\GitRepo\SUMMONER_Refactor\Workpiece\Summoner\Temp\obj\Assembly-CSharp\Assembly-CSharp.assets.cache"(이전 값: "Temp\obj\\Assembly-CSharp\Assembly-CSharp.assets.cache")
       C:\Program Files\dotnet\sdk\9.0.302\Sdks\Microsoft.NET.Sdk\targets\Microsoft.PackageDependencyResolution.targets(80,5): message : 속성 재할당: $(ResolveAssemblyReferencesDependsOn)=C:\Program Files\dotnet\sdk\9.0.302\Sdks\Microsoft.NET.Sdk\targets\Microsoft.PackageDependencyResolution.targets (80,5)의 "
       C:\Program Files\dotnet\sdk\9.0.302\Sdks\Microsoft.NET.Sdk\targets\Microsoft.PackageDependencyResolution.targets(80,5): message :       
       C:\Program Files\dotnet\sdk\9.0.302\Sdks\Microsoft.NET.Sdk\targets\Microsoft.PackageDependencyResolution.targets(80,5): message :       ResolveProjectReferences;
       C:\Program Files\dotnet\sdk\9.0.302\Sdks\Microsoft.NET.Sdk\targets\Microsoft.PackageDependencyResolution.targets(80,5): message :       FindInvalidProjectReferences;
       C:\Program Files\dotnet\sdk\9.0.302\Sdks\Microsoft.NET.Sdk\targets\Microsoft.PackageDependencyResolution.targets(80,5): message :       GetFrameworkPaths;
       C:\Program Files\dotnet\sdk\9.0.302\Sdks\Microsoft.NET.Sdk\targets\Microsoft.PackageDependencyResolution.targets(80,5): message :       GetReferenceAssemblyPaths;
       C:\Program Files\dotnet\sdk\9.0.302\Sdks\Microsoft.NET.Sdk\targets\Microsoft.PackageDependencyResolution.targets(80,5): message :       PrepareForBuild;
       C:\Program Files\dotnet\sdk\9.0.302\Sdks\Microsoft.NET.Sdk\targets\Microsoft.PackageDependencyResolution.targets(80,5): message :       ResolveSDKReferences;
       C:\Program Files\dotnet\sdk\9.0.302\Sdks\Microsoft.NET.Sdk\targets\Microsoft.PackageDependencyResolution.targets(80,5): message :       ExpandSDKReferences;
       C:\Program Files\dotnet\sdk\9.0.302\Sdks\Microsoft.NET.Sdk\targets\Microsoft.PackageDependencyResolution.targets(80,5): message :     ;
       C:\Program Files\dotnet\sdk\9.0.302\Sdks\Microsoft.NET.Sdk\targets\Microsoft.PackageDependencyResolution.targets(80,5): message :       ResolvePackageDependenciesForBuild;
       C:\Program Files\dotnet\sdk\9.0.302\Sdks\Microsoft.NET.Sdk\targets\Microsoft.PackageDependencyResolution.targets(80,5): message :       _HandlePackageFileConflicts;
       C:\Program Files\dotnet\sdk\9.0.302\Sdks\Microsoft.NET.Sdk\targets\Microsoft.PackageDependencyResolution.targets(80,5): message :     "(이전 값: "
       C:\Program Files\dotnet\sdk\9.0.302\Sdks\Microsoft.NET.Sdk\targets\Microsoft.PackageDependencyResolution.targets(80,5): message :       ResolveProjectReferences;
       C:\Program Files\dotnet\sdk\9.0.302\Sdks\Microsoft.NET.Sdk\targets\Microsoft.PackageDependencyResolution.targets(80,5): message :       FindInvalidProjectReferences;
       C:\Program Files\dotnet\sdk\9.0.302\Sdks\Microsoft.NET.Sdk\targets\Microsoft.PackageDependencyResolution.targets(80,5): message :       GetFrameworkPaths;
       C:\Program Files\dotnet\sdk\9.0.302\Sdks\Microsoft.NET.Sdk\targets\Microsoft.PackageDependencyResolution.targets(80,5): message :       GetReferenceAssemblyPaths;
       C:\Program Files\dotnet\sdk\9.0.302\Sdks\Microsoft.NET.Sdk\targets\Microsoft.PackageDependencyResolution.targets(80,5): message :       PrepareForBuild;
       C:\Program Files\dotnet\sdk\9.0.302\Sdks\Microsoft.NET.Sdk\targets\Microsoft.PackageDependencyResolution.targets(80,5): message :       ResolveSDKReferences;
       C:\Program Files\dotnet\sdk\9.0.302\Sdks\Microsoft.NET.Sdk\targets\Microsoft.PackageDependencyResolution.targets(80,5): message :       ExpandSDKReferences;
       C:\Program Files\dotnet\sdk\9.0.302\Sdks\Microsoft.NET.Sdk\targets\Microsoft.PackageDependencyResolution.targets(80,5): message :     ")
       C:\Program Files\dotnet\sdk\9.0.302\Sdks\Microsoft.NET.Sdk\targets\Microsoft.PackageDependencyResolution.targets(86,5): message : 속성 재할당: $(PrepareResourcesDependsOn)=C:\Program Files\dotnet\sdk\9.0.302\Sdks\Microsoft.NET.Sdk\targets\Microsoft.PackageDependencyResolution.targets (86,5)의 "
       C:\Program Files\dotnet\sdk\9.0.302\Sdks\Microsoft.NET.Sdk\targets\Microsoft.PackageDependencyResolution.targets(86,5): message :       ResolvePackageDependenciesForBuild;
       C:\Program Files\dotnet\sdk\9.0.302\Sdks\Microsoft.NET.Sdk\targets\Microsoft.PackageDependencyResolution.targets(86,5): message :       _HandlePackageFileConflicts;
       C:\Program Files\dotnet\sdk\9.0.302\Sdks\Microsoft.NET.Sdk\targets\Microsoft.PackageDependencyResolution.targets(86,5): message :       
       C:\Program Files\dotnet\sdk\9.0.302\Sdks\Microsoft.NET.Sdk\targets\Microsoft.PackageDependencyResolution.targets(86,5): message :       ;
       C:\Program Files\dotnet\sdk\9.0.302\Sdks\Microsoft.NET.Sdk\targets\Microsoft.PackageDependencyResolution.targets(86,5): message :       PrepareResourceNames;
       C:\Program Files\dotnet\sdk\9.0.302\Sdks\Microsoft.NET.Sdk\targets\Microsoft.PackageDependencyResolution.targets(86,5): message :       ResGen;
       C:\Program Files\dotnet\sdk\9.0.302\Sdks\Microsoft.NET.Sdk\targets\Microsoft.PackageDependencyResolution.targets(86,5): message :       CompileLicxFiles
       C:\Program Files\dotnet\sdk\9.0.302\Sdks\Microsoft.NET.Sdk\targets\Microsoft.PackageDependencyResolution.targets(86,5): message :     
       C:\Program Files\dotnet\sdk\9.0.302\Sdks\Microsoft.NET.Sdk\targets\Microsoft.PackageDependencyResolution.targets(86,5): message :     "(이전 값: "
       C:\Program Files\dotnet\sdk\9.0.302\Sdks\Microsoft.NET.Sdk\targets\Microsoft.PackageDependencyResolution.targets(86,5): message :       ;
       C:\Program Files\dotnet\sdk\9.0.302\Sdks\Microsoft.NET.Sdk\targets\Microsoft.PackageDependencyResolution.targets(86,5): message :       PrepareResourceNames;
       C:\Program Files\dotnet\sdk\9.0.302\Sdks\Microsoft.NET.Sdk\targets\Microsoft.PackageDependencyResolution.targets(86,5): message :       ResGen;
       C:\Program Files\dotnet\sdk\9.0.302\Sdks\Microsoft.NET.Sdk\targets\Microsoft.PackageDependencyResolution.targets(86,5): message :       CompileLicxFiles
       C:\Program Files\dotnet\sdk\9.0.302\Sdks\Microsoft.NET.Sdk\targets\Microsoft.PackageDependencyResolution.targets(86,5): message :     ")
       C:\Program Files\dotnet\sdk\9.0.302\Sdks\Microsoft.NET.Sdk\targets\Microsoft.NET.Sdk.DefaultItems.targets(27,5): message : 속성 재할당: $(DefaultItemExcludes)=C:\Program Files\dotnet\sdk\9.0.302\Sdks\Microsoft.NET.Sdk\targets\Microsoft.NET.Sdk.DefaultItems.targets (27,5)의 ";Temp\bin\Debug\/**;Temp\obj\\Assembly-CSharp\/**;bin\/**"(이전 값: ";Temp\bin\Debug\/**;Temp\obj\\Assembly-CSharp\/**")
       C:\Program Files\dotnet\sdk\9.0.302\Sdks\Microsoft.NET.Sdk\targets\Microsoft.NET.Sdk.DefaultItems.targets(29,5): message : 속성 재할당: $(DefaultItemExcludes)=C:\Program Files\dotnet\sdk\9.0.302\Sdks\Microsoft.NET.Sdk\targets\Microsoft.NET.Sdk.DefaultItems.targets (29,5)의 ";Temp\bin\Debug\/**;Temp\obj\\Assembly-CSharp\/**;bin\/**;Temp\obj\\Assembly-CSharp\/**"(이전 값: ";Temp\bin\Debug\/**;Temp\obj\\Assembly-CSharp\/**;bin\/**")
       C:\Program Files\dotnet\sdk\9.0.302\Sdks\Microsoft.NET.Sdk\targets\Microsoft.NET.Sdk.DefaultItems.targets(32,5): message : 속성 재할당: $(DefaultItemExcludes)=C:\Program Files\dotnet\sdk\9.0.302\Sdks\Microsoft.NET.Sdk\targets\Microsoft.NET.Sdk.DefaultItems.targets (32,5)의 ";Temp\bin\Debug\/**;Temp\obj\\Assembly-CSharp\/**;bin\/**;Temp\obj\\Assembly-CSharp\/**;**/*.user"(이전 값: ";Temp\bin\Debug\/**;Temp\obj\\Assembly-CSharp\/**;bin\/**;Temp\obj\\Assembly-CSharp\/**")
       C:\Program Files\dotnet\sdk\9.0.302\Sdks\Microsoft.NET.Sdk\targets\Microsoft.NET.Sdk.DefaultItems.targets(33,5): message : 속성 재할당: $(DefaultItemExcludes)=C:\Program Files\dotnet\sdk\9.0.302\Sdks\Microsoft.NET.Sdk\targets\Microsoft.NET.Sdk.DefaultItems.targets (33,5)의 ";Temp\bin\Debug\/**;Temp\obj\\Assembly-CSharp\/**;bin\/**;Temp\obj\\Assembly-CSharp\/**;**/*.user;**/*.*proj"(이전 값: ";Temp\bin\Debug\/**;Temp\obj\\Assembly-CSharp\/**;bin\/**;Temp\obj\\Assembly-CSharp\/**;**/*.user")
       C:\Program Files\dotnet\sdk\9.0.302\Sdks\Microsoft.NET.Sdk\targets\Microsoft.NET.Sdk.DefaultItems.targets(34,5): message : 속성 재할당: $(DefaultItemExcludes)=C:\Program Files\dotnet\sdk\9.0.302\Sdks\Microsoft.NET.Sdk\targets\Microsoft.NET.Sdk.DefaultItems.targets (34,5)의 ";Temp\bin\Debug\/**;Temp\obj\\Assembly-CSharp\/**;bin\/**;Temp\obj\\Assembly-CSharp\/**;**/*.user;**/*.*proj;**/*.sln"(이전 값: ";Temp\bin\Debug\/**;Temp\obj\\Assembly-CSharp\/**;bin\/**;Temp\obj\\Assembly-CSharp\/**;**/*.user;**/*.*proj")
       C:\Program Files\dotnet\sdk\9.0.302\Sdks\Microsoft.NET.Sdk\targets\Microsoft.NET.Sdk.DefaultItems.targets(35,5): message : 속성 재할당: $(DefaultItemExcludes)=C:\Program Files\dotnet\sdk\9.0.302\Sdks\Microsoft.NET.Sdk\targets\Microsoft.NET.Sdk.DefaultItems.targets (35,5)의 ";Temp\bin\Debug\/**;Temp\obj\\Assembly-CSharp\/**;bin\/**;Temp\obj\\Assembly-CSharp\/**;**/*.user;**/*.*proj;**/*.sln;**/*.slnx"(이전 값: ";Temp\bin\Debug\/**;Temp\obj\\Assembly-CSharp\/**;bin\/**;Temp\obj\\Assembly-CSharp\/**;**/*.user;**/*.*proj;**/*.sln")
       C:\Program Files\dotnet\sdk\9.0.302\Sdks\Microsoft.NET.Sdk\targets\Microsoft.NET.Sdk.DefaultItems.targets(36,5): message : 속성 재할당: $(DefaultItemExcludes)=C:\Program Files\dotnet\sdk\9.0.302\Sdks\Microsoft.NET.Sdk\targets\Microsoft.NET.Sdk.DefaultItems.targets (36,5)의 ";Temp\bin\Debug\/**;Temp\obj\\Assembly-CSharp\/**;bin\/**;Temp\obj\\Assembly-CSharp\/**;**/*.user;**/*.*proj;**/*.sln;**/*.slnx;**/*.vssscc"(이전 값: ";Temp\bin\Debug\/**;Temp\obj\\Assembly-CSharp\/**;bin\/**;Temp\obj\\Assembly-CSharp\/**;**/*.user;**/*.*proj;**/*.sln;**/*.slnx")
       C:\Program Files\dotnet\sdk\9.0.302\Sdks\Microsoft.NET.Sdk\targets\Microsoft.NET.Sdk.DefaultItems.targets(37,5): message : 속성 재할당: $(DefaultItemExcludes)=C:\Program Files\dotnet\sdk\9.0.302\Sdks\Microsoft.NET.Sdk\targets\Microsoft.NET.Sdk.DefaultItems.targets (37,5)의 ";Temp\bin\Debug\/**;Temp\obj\\Assembly-CSharp\/**;bin\/**;Temp\obj\\Assembly-CSharp\/**;**/*.user;**/*.*proj;**/*.sln;**/*.slnx;**/*.vssscc;**/.DS_Store"(이전 값: ";Temp\bin\Debug\/**;Temp\obj\\Assembly-CSharp\/**;bin\/**;Temp\obj\\Assembly-CSharp\/**;**/*.user;**/*.*proj;**/*.sln;**/*.slnx;**/*.vssscc")
       C:\Program Files\dotnet\sdk\9.0.302\Sdks\Microsoft.NET.Sdk\targets\Microsoft.NET.Sdk.FrameworkReferenceResolution.targets(14,5): message : 속성 재할당: $(ResolveAssemblyReferencesDependsOn)=C:\Program Files\dotnet\sdk\9.0.302\Sdks\Microsoft.NET.Sdk\targets\Microsoft.NET.Sdk.FrameworkReferenceResolution.targets (14,5)의 "
       C:\Program Files\dotnet\sdk\9.0.302\Sdks\Microsoft.NET.Sdk\targets\Microsoft.NET.Sdk.FrameworkReferenceResolution.targets(14,5): message :       
       C:\Program Files\dotnet\sdk\9.0.302\Sdks\Microsoft.NET.Sdk\targets\Microsoft.NET.Sdk.FrameworkReferenceResolution.targets(14,5): message :       
       C:\Program Files\dotnet\sdk\9.0.302\Sdks\Microsoft.NET.Sdk\targets\Microsoft.NET.Sdk.FrameworkReferenceResolution.targets(14,5): message :       ResolveProjectReferences;
       C:\Program Files\dotnet\sdk\9.0.302\Sdks\Microsoft.NET.Sdk\targets\Microsoft.NET.Sdk.FrameworkReferenceResolution.targets(14,5): message :       FindInvalidProjectReferences;
       C:\Program Files\dotnet\sdk\9.0.302\Sdks\Microsoft.NET.Sdk\targets\Microsoft.NET.Sdk.FrameworkReferenceResolution.targets(14,5): message :       GetFrameworkPaths;
       C:\Program Files\dotnet\sdk\9.0.302\Sdks\Microsoft.NET.Sdk\targets\Microsoft.NET.Sdk.FrameworkReferenceResolution.targets(14,5): message :       GetReferenceAssemblyPaths;
       C:\Program Files\dotnet\sdk\9.0.302\Sdks\Microsoft.NET.Sdk\targets\Microsoft.NET.Sdk.FrameworkReferenceResolution.targets(14,5): message :       PrepareForBuild;
       C:\Program Files\dotnet\sdk\9.0.302\Sdks\Microsoft.NET.Sdk\targets\Microsoft.NET.Sdk.FrameworkReferenceResolution.targets(14,5): message :       ResolveSDKReferences;
       C:\Program Files\dotnet\sdk\9.0.302\Sdks\Microsoft.NET.Sdk\targets\Microsoft.NET.Sdk.FrameworkReferenceResolution.targets(14,5): message :       ExpandSDKReferences;
       C:\Program Files\dotnet\sdk\9.0.302\Sdks\Microsoft.NET.Sdk\targets\Microsoft.NET.Sdk.FrameworkReferenceResolution.targets(14,5): message :     ;
       C:\Program Files\dotnet\sdk\9.0.302\Sdks\Microsoft.NET.Sdk\targets\Microsoft.NET.Sdk.FrameworkReferenceResolution.targets(14,5): message :       ResolvePackageDependenciesForBuild;
       C:\Program Files\dotnet\sdk\9.0.302\Sdks\Microsoft.NET.Sdk\targets\Microsoft.NET.Sdk.FrameworkReferenceResolution.targets(14,5): message :       _HandlePackageFileConflicts;
       C:\Program Files\dotnet\sdk\9.0.302\Sdks\Microsoft.NET.Sdk\targets\Microsoft.NET.Sdk.FrameworkReferenceResolution.targets(14,5): message :     ;
       C:\Program Files\dotnet\sdk\9.0.302\Sdks\Microsoft.NET.Sdk\targets\Microsoft.NET.Sdk.FrameworkReferenceResolution.targets(14,5): message :       ResolveTargetingPackAssets;
       C:\Program Files\dotnet\sdk\9.0.302\Sdks\Microsoft.NET.Sdk\targets\Microsoft.NET.Sdk.FrameworkReferenceResolution.targets(14,5): message :     "(이전 값: "
       C:\Program Files\dotnet\sdk\9.0.302\Sdks\Microsoft.NET.Sdk\targets\Microsoft.NET.Sdk.FrameworkReferenceResolution.targets(14,5): message :       
       C:\Program Files\dotnet\sdk\9.0.302\Sdks\Microsoft.NET.Sdk\targets\Microsoft.NET.Sdk.FrameworkReferenceResolution.targets(14,5): message :       ResolveProjectReferences;
       C:\Program Files\dotnet\sdk\9.0.302\Sdks\Microsoft.NET.Sdk\targets\Microsoft.NET.Sdk.FrameworkReferenceResolution.targets(14,5): message :       FindInvalidProjectReferences;
       C:\Program Files\dotnet\sdk\9.0.302\Sdks\Microsoft.NET.Sdk\targets\Microsoft.NET.Sdk.FrameworkReferenceResolution.targets(14,5): message :       GetFrameworkPaths;
       C:\Program Files\dotnet\sdk\9.0.302\Sdks\Microsoft.NET.Sdk\targets\Microsoft.NET.Sdk.FrameworkReferenceResolution.targets(14,5): message :       GetReferenceAssemblyPaths;
       C:\Program Files\dotnet\sdk\9.0.302\Sdks\Microsoft.NET.Sdk\targets\Microsoft.NET.Sdk.FrameworkReferenceResolution.targets(14,5): message :       PrepareForBuild;
       C:\Program Files\dotnet\sdk\9.0.302\Sdks\Microsoft.NET.Sdk\targets\Microsoft.NET.Sdk.FrameworkReferenceResolution.targets(14,5): message :       ResolveSDKReferences;
       C:\Program Files\dotnet\sdk\9.0.302\Sdks\Microsoft.NET.Sdk\targets\Microsoft.NET.Sdk.FrameworkReferenceResolution.targets(14,5): message :       ExpandSDKReferences;
       C:\Program Files\dotnet\sdk\9.0.302\Sdks\Microsoft.NET.Sdk\targets\Microsoft.NET.Sdk.FrameworkReferenceResolution.targets(14,5): message :     ;
       C:\Program Files\dotnet\sdk\9.0.302\Sdks\Microsoft.NET.Sdk\targets\Microsoft.NET.Sdk.FrameworkReferenceResolution.targets(14,5): message :       ResolvePackageDependenciesForBuild;
       C:\Program Files\dotnet\sdk\9.0.302\Sdks\Microsoft.NET.Sdk\targets\Microsoft.NET.Sdk.FrameworkReferenceResolution.targets(14,5): message :       _HandlePackageFileConflicts;
       C:\Program Files\dotnet\sdk\9.0.302\Sdks\Microsoft.NET.Sdk\targets\Microsoft.NET.Sdk.FrameworkReferenceResolution.targets(14,5): message :     ")
       C:\Program Files\dotnet\sdk\9.0.302\Sdks\Microsoft.NET.Sdk\targets\Microsoft.NET.Sdk.targets(44,5): message : 속성 재할당: $(_GenerateRuntimeConfigurationPropertyInputsCache)=C:\Program Files\dotnet\sdk\9.0.302\Sdks\Microsoft.NET.Sdk\targets\Microsoft.NET.Sdk.targets (44,5)의 "D:\GitRepo\SUMMONER_Refactor\Workpiece\Summoner\Temp\obj\Assembly-CSharp\Assembly-CSharp.genruntimeconfig.cache"(이전 값: "Temp\obj\\Assembly-CSharp\Assembly-CSharp.genruntimeconfig.cache")
       C:\Program Files\dotnet\sdk\9.0.302\Sdks\Microsoft.NET.Sdk\targets\Microsoft.NET.Sdk.targets(46,5): message : 속성 재할당: $(_GeneratePublishDependencyFilePropertyInputsCache)=C:\Program Files\dotnet\sdk\9.0.302\Sdks\Microsoft.NET.Sdk\targets\Microsoft.NET.Sdk.targets (46,5)의 "D:\GitRepo\SUMMONER_Refactor\Workpiece\Summoner\Temp\obj\Assembly-CSharp\Assembly-CSharp.genpublishdeps.cache"(이전 값: "Temp\obj\\Assembly-CSharp\Assembly-CSharp.genpublishdeps.cache")
       C:\Program Files\dotnet\sdk\9.0.302\Sdks\Microsoft.NET.Sdk\targets\Microsoft.NET.Sdk.targets(48,5): message : 속성 재할당: $(_GenerateSingleFileBundlePropertyInputsCache)=C:\Program Files\dotnet\sdk\9.0.302\Sdks\Microsoft.NET.Sdk\targets\Microsoft.NET.Sdk.targets (48,5)의 "D:\GitRepo\SUMMONER_Refactor\Workpiece\Summoner\Temp\obj\Assembly-CSharp\Assembly-CSharp.genbundle.cache"(이전 값: "Temp\obj\\Assembly-CSharp\Assembly-CSharp.genbundle.cache")
       C:\Program Files\dotnet\sdk\9.0.302\Sdks\Microsoft.NET.Sdk\targets\Microsoft.NET.Sdk.targets(97,5): message : 환경에서 값이 'USERPROFILE'인 속성 'C:\Users\rudgn'이(가) 확장되었습니다.
       C:\Program Files\dotnet\sdk\9.0.302\Sdks\Microsoft.NET.Sdk\targets\Microsoft.NET.Sdk.targets(97,5): message : 속성 재할당: $(_DefaultUserProfileRuntimeStorePath)=C:\Program Files\dotnet\sdk\9.0.302\Sdks\Microsoft.NET.Sdk\targets\Microsoft.NET.Sdk.targets (97,5)의 "C:\Users\rudgn"(이전 값: "")
       C:\Program Files\dotnet\sdk\9.0.302\Sdks\Microsoft.NET.Sdk\targets\Microsoft.NET.Sdk.targets(98,5): message : 속성 재할당: $(_DefaultUserProfileRuntimeStorePath)=C:\Program Files\dotnet\sdk\9.0.302\Sdks\Microsoft.NET.Sdk\targets\Microsoft.NET.Sdk.targets (98,5)의 "C:\Users\rudgn\.dotnet\store"(이전 값: "C:\Users\rudgn")
       C:\Program Files\dotnet\sdk\9.0.302\Sdks\Microsoft.NET.Sdk\targets\Microsoft.NET.Sdk.targets(201,5): message : 속성 재할당: $(CoreBuildDependsOn)=C:\Program Files\dotnet\sdk\9.0.302\Sdks\Microsoft.NET.Sdk\targets\Microsoft.NET.Sdk.targets (201,5)의 "
       C:\Program Files\dotnet\sdk\9.0.302\Sdks\Microsoft.NET.Sdk\targets\Microsoft.NET.Sdk.targets(201,5): message :       _CheckForBuildWithNoBuild;
       C:\Program Files\dotnet\sdk\9.0.302\Sdks\Microsoft.NET.Sdk\targets\Microsoft.NET.Sdk.targets(201,5): message :       
       C:\Program Files\dotnet\sdk\9.0.302\Sdks\Microsoft.NET.Sdk\targets\Microsoft.NET.Sdk.targets(201,5): message :       BuildOnlySettings;
       C:\Program Files\dotnet\sdk\9.0.302\Sdks\Microsoft.NET.Sdk\targets\Microsoft.NET.Sdk.targets(201,5): message :       PrepareForBuild;
       C:\Program Files\dotnet\sdk\9.0.302\Sdks\Microsoft.NET.Sdk\targets\Microsoft.NET.Sdk.targets(201,5): message :       PreBuildEvent;
       C:\Program Files\dotnet\sdk\9.0.302\Sdks\Microsoft.NET.Sdk\targets\Microsoft.NET.Sdk.targets(201,5): message :       ResolveReferences;
       C:\Program Files\dotnet\sdk\9.0.302\Sdks\Microsoft.NET.Sdk\targets\Microsoft.NET.Sdk.targets(201,5): message :       PrepareResources;
       C:\Program Files\dotnet\sdk\9.0.302\Sdks\Microsoft.NET.Sdk\targets\Microsoft.NET.Sdk.targets(201,5): message :       ResolveKeySource;
       C:\Program Files\dotnet\sdk\9.0.302\Sdks\Microsoft.NET.Sdk\targets\Microsoft.NET.Sdk.targets(201,5): message :       Compile;
       C:\Program Files\dotnet\sdk\9.0.302\Sdks\Microsoft.NET.Sdk\targets\Microsoft.NET.Sdk.targets(201,5): message :       ExportWindowsMDFile;
       C:\Program Files\dotnet\sdk\9.0.302\Sdks\Microsoft.NET.Sdk\targets\Microsoft.NET.Sdk.targets(201,5): message :       UnmanagedUnregistration;
       C:\Program Files\dotnet\sdk\9.0.302\Sdks\Microsoft.NET.Sdk\targets\Microsoft.NET.Sdk.targets(201,5): message :       GenerateSerializationAssemblies;
       C:\Program Files\dotnet\sdk\9.0.302\Sdks\Microsoft.NET.Sdk\targets\Microsoft.NET.Sdk.targets(201,5): message :       CreateSatelliteAssemblies;
       C:\Program Files\dotnet\sdk\9.0.302\Sdks\Microsoft.NET.Sdk\targets\Microsoft.NET.Sdk.targets(201,5): message :       GenerateManifests;
       C:\Program Files\dotnet\sdk\9.0.302\Sdks\Microsoft.NET.Sdk\targets\Microsoft.NET.Sdk.targets(201,5): message :       GetTargetPath;
       C:\Program Files\dotnet\sdk\9.0.302\Sdks\Microsoft.NET.Sdk\targets\Microsoft.NET.Sdk.targets(201,5): message :       PrepareForRun;
       C:\Program Files\dotnet\sdk\9.0.302\Sdks\Microsoft.NET.Sdk\targets\Microsoft.NET.Sdk.targets(201,5): message :       UnmanagedRegistration;
       C:\Program Files\dotnet\sdk\9.0.302\Sdks\Microsoft.NET.Sdk\targets\Microsoft.NET.Sdk.targets(201,5): message :       IncrementalClean;
       C:\Program Files\dotnet\sdk\9.0.302\Sdks\Microsoft.NET.Sdk\targets\Microsoft.NET.Sdk.targets(201,5): message :       PostBuildEvent
       C:\Program Files\dotnet\sdk\9.0.302\Sdks\Microsoft.NET.Sdk\targets\Microsoft.NET.Sdk.targets(201,5): message :     ;
       C:\Program Files\dotnet\sdk\9.0.302\Sdks\Microsoft.NET.Sdk\targets\Microsoft.NET.Sdk.targets(201,5): message :       GenerateBuildDependencyFile;
       C:\Program Files\dotnet\sdk\9.0.302\Sdks\Microsoft.NET.Sdk\targets\Microsoft.NET.Sdk.targets(201,5): message :       GenerateBuildRuntimeConfigurationFiles
       C:\Program Files\dotnet\sdk\9.0.302\Sdks\Microsoft.NET.Sdk\targets\Microsoft.NET.Sdk.targets(201,5): message :     "(이전 값: "
       C:\Program Files\dotnet\sdk\9.0.302\Sdks\Microsoft.NET.Sdk\targets\Microsoft.NET.Sdk.targets(201,5): message :       BuildOnlySettings;
       C:\Program Files\dotnet\sdk\9.0.302\Sdks\Microsoft.NET.Sdk\targets\Microsoft.NET.Sdk.targets(201,5): message :       PrepareForBuild;
       C:\Program Files\dotnet\sdk\9.0.302\Sdks\Microsoft.NET.Sdk\targets\Microsoft.NET.Sdk.targets(201,5): message :       PreBuildEvent;
       C:\Program Files\dotnet\sdk\9.0.302\Sdks\Microsoft.NET.Sdk\targets\Microsoft.NET.Sdk.targets(201,5): message :       ResolveReferences;
       C:\Program Files\dotnet\sdk\9.0.302\Sdks\Microsoft.NET.Sdk\targets\Microsoft.NET.Sdk.targets(201,5): message :       PrepareResources;
       C:\Program Files\dotnet\sdk\9.0.302\Sdks\Microsoft.NET.Sdk\targets\Microsoft.NET.Sdk.targets(201,5): message :       ResolveKeySource;
       C:\Program Files\dotnet\sdk\9.0.302\Sdks\Microsoft.NET.Sdk\targets\Microsoft.NET.Sdk.targets(201,5): message :       Compile;
       C:\Program Files\dotnet\sdk\9.0.302\Sdks\Microsoft.NET.Sdk\targets\Microsoft.NET.Sdk.targets(201,5): message :       ExportWindowsMDFile;
       C:\Program Files\dotnet\sdk\9.0.302\Sdks\Microsoft.NET.Sdk\targets\Microsoft.NET.Sdk.targets(201,5): message :       UnmanagedUnregistration;
       C:\Program Files\dotnet\sdk\9.0.302\Sdks\Microsoft.NET.Sdk\targets\Microsoft.NET.Sdk.targets(201,5): message :       GenerateSerializationAssemblies;
       C:\Program Files\dotnet\sdk\9.0.302\Sdks\Microsoft.NET.Sdk\targets\Microsoft.NET.Sdk.targets(201,5): message :       CreateSatelliteAssemblies;
       C:\Program Files\dotnet\sdk\9.0.302\Sdks\Microsoft.NET.Sdk\targets\Microsoft.NET.Sdk.targets(201,5): message :       GenerateManifests;
       C:\Program Files\dotnet\sdk\9.0.302\Sdks\Microsoft.NET.Sdk\targets\Microsoft.NET.Sdk.targets(201,5): message :       GetTargetPath;
       C:\Program Files\dotnet\sdk\9.0.302\Sdks\Microsoft.NET.Sdk\targets\Microsoft.NET.Sdk.targets(201,5): message :       PrepareForRun;
       C:\Program Files\dotnet\sdk\9.0.302\Sdks\Microsoft.NET.Sdk\targets\Microsoft.NET.Sdk.targets(201,5): message :       UnmanagedRegistration;
       C:\Program Files\dotnet\sdk\9.0.302\Sdks\Microsoft.NET.Sdk\targets\Microsoft.NET.Sdk.targets(201,5): message :       IncrementalClean;
       C:\Program Files\dotnet\sdk\9.0.302\Sdks\Microsoft.NET.Sdk\targets\Microsoft.NET.Sdk.targets(201,5): message :       PostBuildEvent
       C:\Program Files\dotnet\sdk\9.0.302\Sdks\Microsoft.NET.Sdk\targets\Microsoft.NET.Sdk.targets(201,5): message :     ")
       C:\Program Files\dotnet\sdk\9.0.302\Sdks\Microsoft.NET.Sdk\targets\Microsoft.NET.Sdk.targets(210,5): message : 속성 재할당: $(CoreCleanDependsOn)=C:\Program Files\dotnet\sdk\9.0.302\Sdks\Microsoft.NET.Sdk\targets\Microsoft.NET.Sdk.targets (210,5)의 "
       C:\Program Files\dotnet\sdk\9.0.302\Sdks\Microsoft.NET.Sdk\targets\Microsoft.NET.Sdk.targets(210,5): message :       _SdkBeforeClean;
       C:\Program Files\dotnet\sdk\9.0.302\Sdks\Microsoft.NET.Sdk\targets\Microsoft.NET.Sdk.targets(210,5): message :       
       C:\Program Files\dotnet\sdk\9.0.302\Sdks\Microsoft.NET.Sdk\targets\Microsoft.NET.Sdk.targets(210,5): message :     "(이전 값: "")
       C:\Program Files\dotnet\sdk\9.0.302\Sdks\Microsoft.NET.Sdk\targets\Microsoft.NET.Sdk.targets(217,5): message : 속성 재할당: $(RebuildDependsOn)=C:\Program Files\dotnet\sdk\9.0.302\Sdks\Microsoft.NET.Sdk\targets\Microsoft.NET.Sdk.targets (217,5)의 "
       C:\Program Files\dotnet\sdk\9.0.302\Sdks\Microsoft.NET.Sdk\targets\Microsoft.NET.Sdk.targets(217,5): message :       _SdkBeforeRebuild;
       C:\Program Files\dotnet\sdk\9.0.302\Sdks\Microsoft.NET.Sdk\targets\Microsoft.NET.Sdk.targets(217,5): message :       
       C:\Program Files\dotnet\sdk\9.0.302\Sdks\Microsoft.NET.Sdk\targets\Microsoft.NET.Sdk.targets(217,5): message :       BeforeRebuild;
       C:\Program Files\dotnet\sdk\9.0.302\Sdks\Microsoft.NET.Sdk\targets\Microsoft.NET.Sdk.targets(217,5): message :       Clean;
       C:\Program Files\dotnet\sdk\9.0.302\Sdks\Microsoft.NET.Sdk\targets\Microsoft.NET.Sdk.targets(217,5): message :       Build;
       C:\Program Files\dotnet\sdk\9.0.302\Sdks\Microsoft.NET.Sdk\targets\Microsoft.NET.Sdk.targets(217,5): message :       AfterRebuild;
       C:\Program Files\dotnet\sdk\9.0.302\Sdks\Microsoft.NET.Sdk\targets\Microsoft.NET.Sdk.targets(217,5): message :     
       C:\Program Files\dotnet\sdk\9.0.302\Sdks\Microsoft.NET.Sdk\targets\Microsoft.NET.Sdk.targets(217,5): message :     "(이전 값: "
       C:\Program Files\dotnet\sdk\9.0.302\Sdks\Microsoft.NET.Sdk\targets\Microsoft.NET.Sdk.targets(217,5): message :       BeforeRebuild;
       C:\Program Files\dotnet\sdk\9.0.302\Sdks\Microsoft.NET.Sdk\targets\Microsoft.NET.Sdk.targets(217,5): message :       Clean;
       C:\Program Files\dotnet\sdk\9.0.302\Sdks\Microsoft.NET.Sdk\targets\Microsoft.NET.Sdk.targets(217,5): message :       Build;
       C:\Program Files\dotnet\sdk\9.0.302\Sdks\Microsoft.NET.Sdk\targets\Microsoft.NET.Sdk.targets(217,5): message :       AfterRebuild;
       C:\Program Files\dotnet\sdk\9.0.302\Sdks\Microsoft.NET.Sdk\targets\Microsoft.NET.Sdk.targets(217,5): message :     ")
       C:\Program Files\dotnet\sdk\9.0.302\Sdks\Microsoft.NET.Sdk\targets\Microsoft.NET.Sdk.targets(784,5): message : 속성 재할당: $(CompileDependsOn)=C:\Program Files\dotnet\sdk\9.0.302\Sdks\Microsoft.NET.Sdk\targets\Microsoft.NET.Sdk.targets (784,5)의 "
       C:\Program Files\dotnet\sdk\9.0.302\Sdks\Microsoft.NET.Sdk\targets\Microsoft.NET.Sdk.targets(784,5): message :       
       C:\Program Files\dotnet\sdk\9.0.302\Sdks\Microsoft.NET.Sdk\targets\Microsoft.NET.Sdk.targets(784,5): message :       ResolveReferences;
       C:\Program Files\dotnet\sdk\9.0.302\Sdks\Microsoft.NET.Sdk\targets\Microsoft.NET.Sdk.targets(784,5): message :       ResolveKeySource;
       C:\Program Files\dotnet\sdk\9.0.302\Sdks\Microsoft.NET.Sdk\targets\Microsoft.NET.Sdk.targets(784,5): message :       SetWin32ManifestProperties;
       C:\Program Files\dotnet\sdk\9.0.302\Sdks\Microsoft.NET.Sdk\targets\Microsoft.NET.Sdk.targets(784,5): message :       _SetPreferNativeArm64Win32ManifestProperties;
       C:\Program Files\dotnet\sdk\9.0.302\Sdks\Microsoft.NET.Sdk\targets\Microsoft.NET.Sdk.targets(784,5): message :       FindReferenceAssembliesForReferences;
       C:\Program Files\dotnet\sdk\9.0.302\Sdks\Microsoft.NET.Sdk\targets\Microsoft.NET.Sdk.targets(784,5): message :       _GenerateCompileInputs;
       C:\Program Files\dotnet\sdk\9.0.302\Sdks\Microsoft.NET.Sdk\targets\Microsoft.NET.Sdk.targets(784,5): message :       BeforeCompile;
       C:\Program Files\dotnet\sdk\9.0.302\Sdks\Microsoft.NET.Sdk\targets\Microsoft.NET.Sdk.targets(784,5): message :       _TimeStampBeforeCompile;
       C:\Program Files\dotnet\sdk\9.0.302\Sdks\Microsoft.NET.Sdk\targets\Microsoft.NET.Sdk.targets(784,5): message :       _GenerateCompileDependencyCache;
       C:\Program Files\dotnet\sdk\9.0.302\Sdks\Microsoft.NET.Sdk\targets\Microsoft.NET.Sdk.targets(784,5): message :       CoreCompile;
       C:\Program Files\dotnet\sdk\9.0.302\Sdks\Microsoft.NET.Sdk\targets\Microsoft.NET.Sdk.targets(784,5): message :       _TimeStampAfterCompile;
       C:\Program Files\dotnet\sdk\9.0.302\Sdks\Microsoft.NET.Sdk\targets\Microsoft.NET.Sdk.targets(784,5): message :       AfterCompile;
       C:\Program Files\dotnet\sdk\9.0.302\Sdks\Microsoft.NET.Sdk\targets\Microsoft.NET.Sdk.targets(784,5): message :     ;
       C:\Program Files\dotnet\sdk\9.0.302\Sdks\Microsoft.NET.Sdk\targets\Microsoft.NET.Sdk.targets(784,5): message :       _CreateAppHost;
       C:\Program Files\dotnet\sdk\9.0.302\Sdks\Microsoft.NET.Sdk\targets\Microsoft.NET.Sdk.targets(784,5): message :       _CreateComHost;
       C:\Program Files\dotnet\sdk\9.0.302\Sdks\Microsoft.NET.Sdk\targets\Microsoft.NET.Sdk.targets(784,5): message :       _GetIjwHostPaths;
       C:\Program Files\dotnet\sdk\9.0.302\Sdks\Microsoft.NET.Sdk\targets\Microsoft.NET.Sdk.targets(784,5): message :     "(이전 값: "
       C:\Program Files\dotnet\sdk\9.0.302\Sdks\Microsoft.NET.Sdk\targets\Microsoft.NET.Sdk.targets(784,5): message :       ResolveReferences;
       C:\Program Files\dotnet\sdk\9.0.302\Sdks\Microsoft.NET.Sdk\targets\Microsoft.NET.Sdk.targets(784,5): message :       ResolveKeySource;
       C:\Program Files\dotnet\sdk\9.0.302\Sdks\Microsoft.NET.Sdk\targets\Microsoft.NET.Sdk.targets(784,5): message :       SetWin32ManifestProperties;
       C:\Program Files\dotnet\sdk\9.0.302\Sdks\Microsoft.NET.Sdk\targets\Microsoft.NET.Sdk.targets(784,5): message :       _SetPreferNativeArm64Win32ManifestProperties;
       C:\Program Files\dotnet\sdk\9.0.302\Sdks\Microsoft.NET.Sdk\targets\Microsoft.NET.Sdk.targets(784,5): message :       FindReferenceAssembliesForReferences;
       C:\Program Files\dotnet\sdk\9.0.302\Sdks\Microsoft.NET.Sdk\targets\Microsoft.NET.Sdk.targets(784,5): message :       _GenerateCompileInputs;
       C:\Program Files\dotnet\sdk\9.0.302\Sdks\Microsoft.NET.Sdk\targets\Microsoft.NET.Sdk.targets(784,5): message :       BeforeCompile;
       C:\Program Files\dotnet\sdk\9.0.302\Sdks\Microsoft.NET.Sdk\targets\Microsoft.NET.Sdk.targets(784,5): message :       _TimeStampBeforeCompile;
       C:\Program Files\dotnet\sdk\9.0.302\Sdks\Microsoft.NET.Sdk\targets\Microsoft.NET.Sdk.targets(784,5): message :       _GenerateCompileDependencyCache;
       C:\Program Files\dotnet\sdk\9.0.302\Sdks\Microsoft.NET.Sdk\targets\Microsoft.NET.Sdk.targets(784,5): message :       CoreCompile;
       C:\Program Files\dotnet\sdk\9.0.302\Sdks\Microsoft.NET.Sdk\targets\Microsoft.NET.Sdk.targets(784,5): message :       _TimeStampAfterCompile;
       C:\Program Files\dotnet\sdk\9.0.302\Sdks\Microsoft.NET.Sdk\targets\Microsoft.NET.Sdk.targets(784,5): message :       AfterCompile;
       C:\Program Files\dotnet\sdk\9.0.302\Sdks\Microsoft.NET.Sdk\targets\Microsoft.NET.Sdk.targets(784,5): message :     ")
       C:\Program Files\dotnet\sdk\9.0.302\Sdks\Microsoft.NET.Sdk\targets\Microsoft.NET.Sdk.targets(1184,5): message : 속성 재할당: $(CreateSatelliteAssembliesDependsOn)=C:\Program Files\dotnet\sdk\9.0.302\Sdks\Microsoft.NET.Sdk\targets\Microsoft.NET.Sdk.targets (1184,5)의 "
       C:\Program Files\dotnet\sdk\9.0.302\Sdks\Microsoft.NET.Sdk\targets\Microsoft.NET.Sdk.targets(1184,5): message :       
       C:\Program Files\dotnet\sdk\9.0.302\Sdks\Microsoft.NET.Sdk\targets\Microsoft.NET.Sdk.targets(1184,5): message :       ;
       C:\Program Files\dotnet\sdk\9.0.302\Sdks\Microsoft.NET.Sdk\targets\Microsoft.NET.Sdk.targets(1184,5): message :       _GenerateSatelliteAssemblyInputs;
       C:\Program Files\dotnet\sdk\9.0.302\Sdks\Microsoft.NET.Sdk\targets\Microsoft.NET.Sdk.targets(1184,5): message :       ComputeIntermediateSatelliteAssemblies;
       C:\Program Files\dotnet\sdk\9.0.302\Sdks\Microsoft.NET.Sdk\targets\Microsoft.NET.Sdk.targets(1184,5): message :       GenerateSatelliteAssemblies
       C:\Program Files\dotnet\sdk\9.0.302\Sdks\Microsoft.NET.Sdk\targets\Microsoft.NET.Sdk.targets(1184,5): message :     ;
       C:\Program Files\dotnet\sdk\9.0.302\Sdks\Microsoft.NET.Sdk\targets\Microsoft.NET.Sdk.targets(1184,5): message :       CoreGenerateSatelliteAssemblies
       C:\Program Files\dotnet\sdk\9.0.302\Sdks\Microsoft.NET.Sdk\targets\Microsoft.NET.Sdk.targets(1184,5): message :     "(이전 값: "
       C:\Program Files\dotnet\sdk\9.0.302\Sdks\Microsoft.NET.Sdk\targets\Microsoft.NET.Sdk.targets(1184,5): message :       ;
       C:\Program Files\dotnet\sdk\9.0.302\Sdks\Microsoft.NET.Sdk\targets\Microsoft.NET.Sdk.targets(1184,5): message :       _GenerateSatelliteAssemblyInputs;
       C:\Program Files\dotnet\sdk\9.0.302\Sdks\Microsoft.NET.Sdk\targets\Microsoft.NET.Sdk.targets(1184,5): message :       ComputeIntermediateSatelliteAssemblies;
       C:\Program Files\dotnet\sdk\9.0.302\Sdks\Microsoft.NET.Sdk\targets\Microsoft.NET.Sdk.targets(1184,5): message :       GenerateSatelliteAssemblies
       C:\Program Files\dotnet\sdk\9.0.302\Sdks\Microsoft.NET.Sdk\targets\Microsoft.NET.Sdk.targets(1184,5): message :     ")
       C:\Program Files\dotnet\sdk\9.0.302\Sdks\Microsoft.SourceLink.GitLab\build\Microsoft.SourceLink.GitLab.targets(12,5): message : 속성 재할당: $(SourceLinkUrlInitializerTargets)=C:\Program Files\dotnet\sdk\9.0.302\Sdks\Microsoft.SourceLink.GitLab\build\Microsoft.SourceLink.GitLab.targets (12,5)의 ";_InitializeGitHubSourceLinkUrl;_InitializeGitLabSourceLinkUrl"(이전 값: ";_InitializeGitHubSourceLinkUrl")
       C:\Program Files\dotnet\sdk\9.0.302\Sdks\Microsoft.SourceLink.GitLab\build\Microsoft.SourceLink.GitLab.targets(13,5): message : 속성 재할당: $(SourceControlManagerUrlTranslationTargets)=C:\Program Files\dotnet\sdk\9.0.302\Sdks\Microsoft.SourceLink.GitLab\build\Microsoft.SourceLink.GitLab.targets (13,5)의 ";TranslateGitHubUrlsInSourceControlInformation;TranslateGitLabUrlsInSourceControlInformation"(이전 값: ";TranslateGitHubUrlsInSourceControlInformation")
       C:\Program Files\dotnet\sdk\9.0.302\Sdks\Microsoft.SourceLink.AzureRepos.Git\build\Microsoft.SourceLink.AzureRepos.Git.targets(12,5): message : 속성 재할당: $(SourceLinkUrlInitializerTargets)=C:\Program Files\dotnet\sdk\9.0.302\Sdks\Microsoft.SourceLink.AzureRepos.Git\build\Microsoft.SourceLink.AzureRepos.Git.targets (12,5)의 ";_InitializeGitHubSourceLinkUrl;_InitializeGitLabSourceLinkUrl;_InitializeAzureReposGitSourceLinkUrl"(이전 값: ";_InitializeGitHubSourceLinkUrl;_InitializeGitLabSourceLinkUrl")
       C:\Program Files\dotnet\sdk\9.0.302\Sdks\Microsoft.SourceLink.AzureRepos.Git\build\Microsoft.SourceLink.AzureRepos.Git.targets(13,5): message : 속성 재할당: $(SourceControlManagerUrlTranslationTargets)=C:\Program Files\dotnet\sdk\9.0.302\Sdks\Microsoft.SourceLink.AzureRepos.Git\build\Microsoft.SourceLink.AzureRepos.Git.targets (13,5)의 ";TranslateGitHubUrlsInSourceControlInformation;TranslateGitLabUrlsInSourceControlInformation;TranslateAzureReposGitUrlsInSourceControlInformation"(이전 값: ";TranslateGitHubUrlsInSourceControlInformation;TranslateGitLabUrlsInSourceControlInformation")
       C:\Program Files\dotnet\sdk\9.0.302\Sdks\Microsoft.SourceLink.Bitbucket.Git\build\Microsoft.SourceLink.Bitbucket.Git.targets(12,5): message : 속성 재할당: $(SourceLinkUrlInitializerTargets)=C:\Program Files\dotnet\sdk\9.0.302\Sdks\Microsoft.SourceLink.Bitbucket.Git\build\Microsoft.SourceLink.Bitbucket.Git.targets (12,5)의 ";_InitializeGitHubSourceLinkUrl;_InitializeGitLabSourceLinkUrl;_InitializeAzureReposGitSourceLinkUrl;_InitializeBitbucketGitSourceLinkUrl"(이전 값: ";_InitializeGitHubSourceLinkUrl;_InitializeGitLabSourceLinkUrl;_InitializeAzureReposGitSourceLinkUrl")
       C:\Program Files\dotnet\sdk\9.0.302\Sdks\Microsoft.SourceLink.Bitbucket.Git\build\Microsoft.SourceLink.Bitbucket.Git.targets(13,5): message : 속성 재할당: $(SourceControlManagerUrlTranslationTargets)=C:\Program Files\dotnet\sdk\9.0.302\Sdks\Microsoft.SourceLink.Bitbucket.Git\build\Microsoft.SourceLink.Bitbucket.Git.targets (13,5)의 ";TranslateGitHubUrlsInSourceControlInformation;TranslateGitLabUrlsInSourceControlInformation;TranslateAzureReposGitUrlsInSourceControlInformation;TranslateBitbucketGitUrlsInSourceControlInformation"(이전 값: ";TranslateGitHubUrlsInSourceControlInformation;TranslateGitLabUrlsInSourceControlInformation;TranslateAzureReposGitUrlsInSourceControlInformation")
       C:\Program Files\dotnet\sdk\9.0.302\Sdks\Microsoft.NET.Sdk\targets\Microsoft.NET.DesignerSupport.targets(21,5): message : 속성 재할당: $(DesignerRuntimeImplementationProjectOutputGroupDependsOn)=C:\Program Files\dotnet\sdk\9.0.302\Sdks\Microsoft.NET.Sdk\targets\Microsoft.NET.DesignerSupport.targets (21,5)의 "
       C:\Program Files\dotnet\sdk\9.0.302\Sdks\Microsoft.NET.Sdk\targets\Microsoft.NET.DesignerSupport.targets(21,5): message :       
       C:\Program Files\dotnet\sdk\9.0.302\Sdks\Microsoft.NET.Sdk\targets\Microsoft.NET.DesignerSupport.targets(21,5): message :       ;
       C:\Program Files\dotnet\sdk\9.0.302\Sdks\Microsoft.NET.Sdk\targets\Microsoft.NET.DesignerSupport.targets(21,5): message :       
       C:\Program Files\dotnet\sdk\9.0.302\Sdks\Microsoft.NET.Sdk\targets\Microsoft.NET.DesignerSupport.targets(21,5): message :       ;
       C:\Program Files\dotnet\sdk\9.0.302\Sdks\Microsoft.NET.Sdk\targets\Microsoft.NET.DesignerSupport.targets(21,5): message :       BuildOnlySettings;
       C:\Program Files\dotnet\sdk\9.0.302\Sdks\Microsoft.NET.Sdk\targets\Microsoft.NET.DesignerSupport.targets(21,5): message :       PrepareForBuild;
       C:\Program Files\dotnet\sdk\9.0.302\Sdks\Microsoft.NET.Sdk\targets\Microsoft.NET.DesignerSupport.targets(21,5): message :       AssignTargetPaths;
       C:\Program Files\dotnet\sdk\9.0.302\Sdks\Microsoft.NET.Sdk\targets\Microsoft.NET.DesignerSupport.targets(21,5): message :       ResolveReferences
       C:\Program Files\dotnet\sdk\9.0.302\Sdks\Microsoft.NET.Sdk\targets\Microsoft.NET.DesignerSupport.targets(21,5): message :     
       C:\Program Files\dotnet\sdk\9.0.302\Sdks\Microsoft.NET.Sdk\targets\Microsoft.NET.DesignerSupport.targets(21,5): message :     ;
       C:\Program Files\dotnet\sdk\9.0.302\Sdks\Microsoft.NET.Sdk\targets\Microsoft.NET.DesignerSupport.targets(21,5): message :       _GenerateDesignerDepsFile;
       C:\Program Files\dotnet\sdk\9.0.302\Sdks\Microsoft.NET.Sdk\targets\Microsoft.NET.DesignerSupport.targets(21,5): message :       _GenerateDesignerRuntimeConfigFile;
       C:\Program Files\dotnet\sdk\9.0.302\Sdks\Microsoft.NET.Sdk\targets\Microsoft.NET.DesignerSupport.targets(21,5): message :       GetCopyToOutputDirectoryItems;
       C:\Program Files\dotnet\sdk\9.0.302\Sdks\Microsoft.NET.Sdk\targets\Microsoft.NET.DesignerSupport.targets(21,5): message :       _GatherDesignerShadowCopyFiles;
       C:\Program Files\dotnet\sdk\9.0.302\Sdks\Microsoft.NET.Sdk\targets\Microsoft.NET.DesignerSupport.targets(21,5): message :     "(이전 값: "
       C:\Program Files\dotnet\sdk\9.0.302\Sdks\Microsoft.NET.Sdk\targets\Microsoft.NET.DesignerSupport.targets(21,5): message :       ;
       C:\Program Files\dotnet\sdk\9.0.302\Sdks\Microsoft.NET.Sdk\targets\Microsoft.NET.DesignerSupport.targets(21,5): message :       
       C:\Program Files\dotnet\sdk\9.0.302\Sdks\Microsoft.NET.Sdk\targets\Microsoft.NET.DesignerSupport.targets(21,5): message :       ;
       C:\Program Files\dotnet\sdk\9.0.302\Sdks\Microsoft.NET.Sdk\targets\Microsoft.NET.DesignerSupport.targets(21,5): message :       BuildOnlySettings;
       C:\Program Files\dotnet\sdk\9.0.302\Sdks\Microsoft.NET.Sdk\targets\Microsoft.NET.DesignerSupport.targets(21,5): message :       PrepareForBuild;
       C:\Program Files\dotnet\sdk\9.0.302\Sdks\Microsoft.NET.Sdk\targets\Microsoft.NET.DesignerSupport.targets(21,5): message :       AssignTargetPaths;
       C:\Program Files\dotnet\sdk\9.0.302\Sdks\Microsoft.NET.Sdk\targets\Microsoft.NET.DesignerSupport.targets(21,5): message :       ResolveReferences
       C:\Program Files\dotnet\sdk\9.0.302\Sdks\Microsoft.NET.Sdk\targets\Microsoft.NET.DesignerSupport.targets(21,5): message :     
       C:\Program Files\dotnet\sdk\9.0.302\Sdks\Microsoft.NET.Sdk\targets\Microsoft.NET.DesignerSupport.targets(21,5): message :     ")
       C:\Program Files\dotnet\sdk\9.0.302\Sdks\Microsoft.NET.Sdk\targets\Microsoft.NET.PackTool.targets(68,5): message : 속성 재할당: $(_GenerateToolsSettingsFileCacheFile)=C:\Program Files\dotnet\sdk\9.0.302\Sdks\Microsoft.NET.Sdk\targets\Microsoft.NET.PackTool.targets (68,5)의 "D:\GitRepo\SUMMONER_Refactor\Workpiece\Summoner\Temp\obj\Assembly-CSharp\Assembly-CSharp.toolssettingsinput.cache"(이전 값: "Temp\obj\\Assembly-CSharp\Assembly-CSharp.toolssettingsinput.cache")
       C:\Program Files\dotnet\sdk\9.0.302\Sdks\Microsoft.NET.Sdk\targets\Microsoft.NET.PackTool.targets(137,5): message : 속성 재할당: $(_ShimInputCacheFile)=C:\Program Files\dotnet\sdk\9.0.302\Sdks\Microsoft.NET.Sdk\targets\Microsoft.NET.PackTool.targets (137,5)의 "D:\GitRepo\SUMMONER_Refactor\Workpiece\Summoner\Temp\obj\Assembly-CSharp\Assembly-CSharp.shiminput.cache"(이전 값: "Temp\obj\\Assembly-CSharp\Assembly-CSharp.shiminput.cache")
       C:\Program Files\dotnet\sdk\9.0.302\Sdks\Microsoft.NET.Sdk\targets\Microsoft.NET.PackTool.targets(139,5): message : 속성 재할당: $(_ShimCreatedSentinelFile)=C:\Program Files\dotnet\sdk\9.0.302\Sdks\Microsoft.NET.Sdk\targets\Microsoft.NET.PackTool.targets (139,5)의 "D:\GitRepo\SUMMONER_Refactor\Workpiece\Summoner\Temp\obj\Assembly-CSharp\Assembly-CSharp.shimcreated.sentinel"(이전 값: "Temp\obj\\Assembly-CSharp\Assembly-CSharp.shimcreated.sentinel")
       C:\Program Files\dotnet\sdk\9.0.302\Sdks\Microsoft.NET.Sdk\targets\Microsoft.NET.Sdk.CSharp.targets(31,5): message : 속성 재할당: $(DefineConstants)=C:\Program Files\dotnet\sdk\9.0.302\Sdks\Microsoft.NET.Sdk\targets\Microsoft.NET.Sdk.CSharp.targets (31,5)의 "UNITY_2022_3_44;UNITY_2022_3;UNITY_2022;UNITY_5_3_OR_NEWER;UNITY_5_4_OR_NEWER;UNITY_5_5_OR_NEWER;UNITY_5_6_OR_NEWER;UNITY_2017_1_OR_NEWER;UNITY_2017_2_OR_NEWER;UNITY_2017_3_OR_NEWER;UNITY_2017_4_OR_NEWER;UNITY_2018_1_OR_NEWER;UNITY_2018_2_OR_NEWER;UNITY_2018_3_OR_NEWER;UNITY_2018_4_OR_NEWER;UNITY_2019_1_OR_NEWER;UNITY_2019_2_OR_NEWER;UNITY_2019_3_OR_NEWER;UNITY_2019_4_OR_NEWER;UNITY_2020_1_OR_NEWER;UNITY_2020_2_OR_NEWER;UNITY_2020_3_OR_NEWER;UNITY_2021_1_OR_NEWER;UNITY_2021_2_OR_NEWER;UNITY_2021_3_OR_NEWER;UNITY_2022_1_OR_NEWER;UNITY_2022_2_OR_NEWER;UNITY_2022_3_OR_NEWER;PLATFORM_ARCH_64;UNITY_64;UNITY_INCLUDE_TESTS;ENABLE_AR;ENABLE_AUDIO;ENABLE_CACHING;ENABLE_CLOTH;ENABLE_EVENT_QUEUE;ENABLE_MICROPHONE;ENABLE_MULTIPLE_DISPLAYS;ENABLE_PHYSICS;ENABLE_TEXTURE_STREAMING;ENABLE_VIRTUALTEXTURING;ENABLE_LZMA;ENABLE_UNITYEVENTS;ENABLE_VR;ENABLE_WEBCAM;ENABLE_UNITYWEBREQUEST;ENABLE_WWW;ENABLE_CLOUD_SERVICES;ENABLE_CLOUD_SERVICES_ADS;ENABLE_CLOUD_SERVICES_USE_WEBREQUEST;ENABLE_CLOUD_SERVICES_CRASH_REPORTING;ENABLE_CLOUD_SERVICES_PURCHASING;ENABLE_CLOUD_SERVICES_ANALYTICS;ENABLE_CLOUD_SERVICES_BUILD;ENABLE_EDITOR_GAME_SERVICES;ENABLE_UNITY_GAME_SERVICES_ANALYTICS_SUPPORT;ENABLE_CLOUD_LICENSE;ENABLE_EDITOR_HUB_LICENSE;ENABLE_WEBSOCKET_CLIENT;ENABLE_GENERATE_NATIVE_PLUGINS_FOR_ASSEMBLIES_API;ENABLE_DIRECTOR_AUDIO;ENABLE_DIRECTOR_TEXTURE;ENABLE_MANAGED_JOBS;ENABLE_MANAGED_TRANSFORM_JOBS;ENABLE_MANAGED_ANIMATION_JOBS;ENABLE_MANAGED_AUDIO_JOBS;ENABLE_MANAGED_UNITYTLS;INCLUDE_DYNAMIC_GI;ENABLE_SCRIPTING_GC_WBARRIERS;PLATFORM_SUPPORTS_MONO;RENDER_SOFTWARE_CURSOR;ENABLE_VIDEO;ENABLE_ACCELERATOR_CLIENT_DEBUGGING;ENABLE_NAVIGATION_PACKAGE_DEBUG_VISUALIZATION;ENABLE_NAVIGATION_HEIGHTMESH_RUNTIME_SUPPORT;ENABLE_NAVIGATION_UI_REQUIRES_PACKAGE;PLATFORM_STANDALONE;TEXTCORE_1_0_OR_NEWER;PLATFORM_STANDALONE_WIN;UNITY_STANDALONE_WIN;UNITY_STANDALONE;ENABLE_RUNTIME_GI;ENABLE_MOVIES;ENABLE_NETWORK;ENABLE_NVIDIA;ENABLE_CRUNCH_TEXTURE_COMPRESSION;ENABLE_OUT_OF_PROCESS_CRASH_HANDLER;ENABLE_CLUSTER_SYNC;ENABLE_CLUSTERINPUT;PLATFORM_UPDATES_TIME_OUTSIDE_OF_PLAYER_LOOP;GFXDEVICE_WAITFOREVENT_MESSAGEPUMP;PLATFORM_INITIALIZES_MEMORY_MANAGER_EXPLICITLY;ENABLE_MONO;NET_STANDARD_2_0;NET_STANDARD;NET_STANDARD_2_1;NETSTANDARD;NETSTANDARD2_1;ENABLE_PROFILER;DEBUG;TRACE;UNITY_ASSERTIONS;UNITY_EDITOR;UNITY_EDITOR_64;UNITY_EDITOR_WIN;ENABLE_UNITY_COLLECTIONS_CHECKS;ENABLE_BURST_AOT;UNITY_TEAM_LICENSE;ENABLE_CUSTOM_RENDER_TEXTURE;ENABLE_DIRECTOR;ENABLE_LOCALIZATION;ENABLE_SPRITES;ENABLE_TERRAIN;ENABLE_TILEMAP;ENABLE_TIMELINE;ENABLE_LEGACY_INPUT_MANAGER;TEXTCORE_FONT_ENGINE_1_5_OR_NEWER;CSHARP_7_OR_LATER;CSHARP_7_3_OR_NEWER;DEBUG"(이전 값: "UNITY_2022_3_44;UNITY_2022_3;UNITY_2022;UNITY_5_3_OR_NEWER;UNITY_5_4_OR_NEWER;UNITY_5_5_OR_NEWER;UNITY_5_6_OR_NEWER;UNITY_2017_1_OR_NEWER;UNITY_2017_2_OR_NEWER;UNITY_2017_3_OR_NEWER;UNITY_2017_4_OR_NEWER;UNITY_2018_1_OR_NEWER;UNITY_2018_2_OR_NEWER;UNITY_2018_3_OR_NEWER;UNITY_2018_4_OR_NEWER;UNITY_2019_1_OR_NEWER;UNITY_2019_2_OR_NEWER;UNITY_2019_3_OR_NEWER;UNITY_2019_4_OR_NEWER;UNITY_2020_1_OR_NEWER;UNITY_2020_2_OR_NEWER;UNITY_2020_3_OR_NEWER;UNITY_2021_1_OR_NEWER;UNITY_2021_2_OR_NEWER;UNITY_2021_3_OR_NEWER;UNITY_2022_1_OR_NEWER;UNITY_2022_2_OR_NEWER;UNITY_2022_3_OR_NEWER;PLATFORM_ARCH_64;UNITY_64;UNITY_INCLUDE_TESTS;ENABLE_AR;ENABLE_AUDIO;ENABLE_CACHING;ENABLE_CLOTH;ENABLE_EVENT_QUEUE;ENABLE_MICROPHONE;ENABLE_MULTIPLE_DISPLAYS;ENABLE_PHYSICS;ENABLE_TEXTURE_STREAMING;ENABLE_VIRTUALTEXTURING;ENABLE_LZMA;ENABLE_UNITYEVENTS;ENABLE_VR;ENABLE_WEBCAM;ENABLE_UNITYWEBREQUEST;ENABLE_WWW;ENABLE_CLOUD_SERVICES;ENABLE_CLOUD_SERVICES_ADS;ENABLE_CLOUD_SERVICES_USE_WEBREQUEST;ENABLE_CLOUD_SERVICES_CRASH_REPORTING;ENABLE_CLOUD_SERVICES_PURCHASING;ENABLE_CLOUD_SERVICES_ANALYTICS;ENABLE_CLOUD_SERVICES_BUILD;ENABLE_EDITOR_GAME_SERVICES;ENABLE_UNITY_GAME_SERVICES_ANALYTICS_SUPPORT;ENABLE_CLOUD_LICENSE;ENABLE_EDITOR_HUB_LICENSE;ENABLE_WEBSOCKET_CLIENT;ENABLE_GENERATE_NATIVE_PLUGINS_FOR_ASSEMBLIES_API;ENABLE_DIRECTOR_AUDIO;ENABLE_DIRECTOR_TEXTURE;ENABLE_MANAGED_JOBS;ENABLE_MANAGED_TRANSFORM_JOBS;ENABLE_MANAGED_ANIMATION_JOBS;ENABLE_MANAGED_AUDIO_JOBS;ENABLE_MANAGED_UNITYTLS;INCLUDE_DYNAMIC_GI;ENABLE_SCRIPTING_GC_WBARRIERS;PLATFORM_SUPPORTS_MONO;RENDER_SOFTWARE_CURSOR;ENABLE_VIDEO;ENABLE_ACCELERATOR_CLIENT_DEBUGGING;ENABLE_NAVIGATION_PACKAGE_DEBUG_VISUALIZATION;ENABLE_NAVIGATION_HEIGHTMESH_RUNTIME_SUPPORT;ENABLE_NAVIGATION_UI_REQUIRES_PACKAGE;PLATFORM_STANDALONE;TEXTCORE_1_0_OR_NEWER;PLATFORM_STANDALONE_WIN;UNITY_STANDALONE_WIN;UNITY_STANDALONE;ENABLE_RUNTIME_GI;ENABLE_MOVIES;ENABLE_NETWORK;ENABLE_NVIDIA;ENABLE_CRUNCH_TEXTURE_COMPRESSION;ENABLE_OUT_OF_PROCESS_CRASH_HANDLER;ENABLE_CLUSTER_SYNC;ENABLE_CLUSTERINPUT;PLATFORM_UPDATES_TIME_OUTSIDE_OF_PLAYER_LOOP;GFXDEVICE_WAITFOREVENT_MESSAGEPUMP;PLATFORM_INITIALIZES_MEMORY_MANAGER_EXPLICITLY;ENABLE_MONO;NET_STANDARD_2_0;NET_STANDARD;NET_STANDARD_2_1;NETSTANDARD;NETSTANDARD2_1;ENABLE_PROFILER;DEBUG;TRACE;UNITY_ASSERTIONS;UNITY_EDITOR;UNITY_EDITOR_64;UNITY_EDITOR_WIN;ENABLE_UNITY_COLLECTIONS_CHECKS;ENABLE_BURST_AOT;UNITY_TEAM_LICENSE;ENABLE_CUSTOM_RENDER_TEXTURE;ENABLE_DIRECTOR;ENABLE_LOCALIZATION;ENABLE_SPRITES;ENABLE_TERRAIN;ENABLE_TILEMAP;ENABLE_TIMELINE;ENABLE_LEGACY_INPUT_MANAGER;TEXTCORE_FONT_ENGINE_1_5_OR_NEWER;CSHARP_7_OR_LATER;CSHARP_7_3_OR_NEWER")
       C:\Program Files\dotnet\sdk\9.0.302\Sdks\Microsoft.NET.Sdk\targets\Microsoft.NET.Sdk.CSharp.targets(34,5): message : 속성 재할당: $(DefineConstants)=C:\Program Files\dotnet\sdk\9.0.302\Sdks\Microsoft.NET.Sdk\targets\Microsoft.NET.Sdk.CSharp.targets (34,5)의 "UNITY_2022_3_44;UNITY_2022_3;UNITY_2022;UNITY_5_3_OR_NEWER;UNITY_5_4_OR_NEWER;UNITY_5_5_OR_NEWER;UNITY_5_6_OR_NEWER;UNITY_2017_1_OR_NEWER;UNITY_2017_2_OR_NEWER;UNITY_2017_3_OR_NEWER;UNITY_2017_4_OR_NEWER;UNITY_2018_1_OR_NEWER;UNITY_2018_2_OR_NEWER;UNITY_2018_3_OR_NEWER;UNITY_2018_4_OR_NEWER;UNITY_2019_1_OR_NEWER;UNITY_2019_2_OR_NEWER;UNITY_2019_3_OR_NEWER;UNITY_2019_4_OR_NEWER;UNITY_2020_1_OR_NEWER;UNITY_2020_2_OR_NEWER;UNITY_2020_3_OR_NEWER;UNITY_2021_1_OR_NEWER;UNITY_2021_2_OR_NEWER;UNITY_2021_3_OR_NEWER;UNITY_2022_1_OR_NEWER;UNITY_2022_2_OR_NEWER;UNITY_2022_3_OR_NEWER;PLATFORM_ARCH_64;UNITY_64;UNITY_INCLUDE_TESTS;ENABLE_AR;ENABLE_AUDIO;ENABLE_CACHING;ENABLE_CLOTH;ENABLE_EVENT_QUEUE;ENABLE_MICROPHONE;ENABLE_MULTIPLE_DISPLAYS;ENABLE_PHYSICS;ENABLE_TEXTURE_STREAMING;ENABLE_VIRTUALTEXTURING;ENABLE_LZMA;ENABLE_UNITYEVENTS;ENABLE_VR;ENABLE_WEBCAM;ENABLE_UNITYWEBREQUEST;ENABLE_WWW;ENABLE_CLOUD_SERVICES;ENABLE_CLOUD_SERVICES_ADS;ENABLE_CLOUD_SERVICES_USE_WEBREQUEST;ENABLE_CLOUD_SERVICES_CRASH_REPORTING;ENABLE_CLOUD_SERVICES_PURCHASING;ENABLE_CLOUD_SERVICES_ANALYTICS;ENABLE_CLOUD_SERVICES_BUILD;ENABLE_EDITOR_GAME_SERVICES;ENABLE_UNITY_GAME_SERVICES_ANALYTICS_SUPPORT;ENABLE_CLOUD_LICENSE;ENABLE_EDITOR_HUB_LICENSE;ENABLE_WEBSOCKET_CLIENT;ENABLE_GENERATE_NATIVE_PLUGINS_FOR_ASSEMBLIES_API;ENABLE_DIRECTOR_AUDIO;ENABLE_DIRECTOR_TEXTURE;ENABLE_MANAGED_JOBS;ENABLE_MANAGED_TRANSFORM_JOBS;ENABLE_MANAGED_ANIMATION_JOBS;ENABLE_MANAGED_AUDIO_JOBS;ENABLE_MANAGED_UNITYTLS;INCLUDE_DYNAMIC_GI;ENABLE_SCRIPTING_GC_WBARRIERS;PLATFORM_SUPPORTS_MONO;RENDER_SOFTWARE_CURSOR;ENABLE_VIDEO;ENABLE_ACCELERATOR_CLIENT_DEBUGGING;ENABLE_NAVIGATION_PACKAGE_DEBUG_VISUALIZATION;ENABLE_NAVIGATION_HEIGHTMESH_RUNTIME_SUPPORT;ENABLE_NAVIGATION_UI_REQUIRES_PACKAGE;PLATFORM_STANDALONE;TEXTCORE_1_0_OR_NEWER;PLATFORM_STANDALONE_WIN;UNITY_STANDALONE_WIN;UNITY_STANDALONE;ENABLE_RUNTIME_GI;ENABLE_MOVIES;ENABLE_NETWORK;ENABLE_NVIDIA;ENABLE_CRUNCH_TEXTURE_COMPRESSION;ENABLE_OUT_OF_PROCESS_CRASH_HANDLER;ENABLE_CLUSTER_SYNC;ENABLE_CLUSTERINPUT;PLATFORM_UPDATES_TIME_OUTSIDE_OF_PLAYER_LOOP;GFXDEVICE_WAITFOREVENT_MESSAGEPUMP;PLATFORM_INITIALIZES_MEMORY_MANAGER_EXPLICITLY;ENABLE_MONO;NET_STANDARD_2_0;NET_STANDARD;NET_STANDARD_2_1;NETSTANDARD;NETSTANDARD2_1;ENABLE_PROFILER;DEBUG;TRACE;UNITY_ASSERTIONS;UNITY_EDITOR;UNITY_EDITOR_64;UNITY_EDITOR_WIN;ENABLE_UNITY_COLLECTIONS_CHECKS;ENABLE_BURST_AOT;UNITY_TEAM_LICENSE;ENABLE_CUSTOM_RENDER_TEXTURE;ENABLE_DIRECTOR;ENABLE_LOCALIZATION;ENABLE_SPRITES;ENABLE_TERRAIN;ENABLE_TILEMAP;ENABLE_TIMELINE;ENABLE_LEGACY_INPUT_MANAGER;TEXTCORE_FONT_ENGINE_1_5_OR_NEWER;CSHARP_7_OR_LATER;CSHARP_7_3_OR_NEWER;DEBUG;NETSTANDARD;NETSTANDARD2_1;"(이전 값: "UNITY_2022_3_44;UNITY_2022_3;UNITY_2022;UNITY_5_3_OR_NEWER;UNITY_5_4_OR_NEWER;UNITY_5_5_OR_NEWER;UNITY_5_6_OR_NEWER;UNITY_2017_1_OR_NEWER;UNITY_2017_2_OR_NEWER;UNITY_2017_3_OR_NEWER;UNITY_2017_4_OR_NEWER;UNITY_2018_1_OR_NEWER;UNITY_2018_2_OR_NEWER;UNITY_2018_3_OR_NEWER;UNITY_2018_4_OR_NEWER;UNITY_2019_1_OR_NEWER;UNITY_2019_2_OR_NEWER;UNITY_2019_3_OR_NEWER;UNITY_2019_4_OR_NEWER;UNITY_2020_1_OR_NEWER;UNITY_2020_2_OR_NEWER;UNITY_2020_3_OR_NEWER;UNITY_2021_1_OR_NEWER;UNITY_2021_2_OR_NEWER;UNITY_2021_3_OR_NEWER;UNITY_2022_1_OR_NEWER;UNITY_2022_2_OR_NEWER;UNITY_2022_3_OR_NEWER;PLATFORM_ARCH_64;UNITY_64;UNITY_INCLUDE_TESTS;ENABLE_AR;ENABLE_AUDIO;ENABLE_CACHING;ENABLE_CLOTH;ENABLE_EVENT_QUEUE;ENABLE_MICROPHONE;ENABLE_MULTIPLE_DISPLAYS;ENABLE_PHYSICS;ENABLE_TEXTURE_STREAMING;ENABLE_VIRTUALTEXTURING;ENABLE_LZMA;ENABLE_UNITYEVENTS;ENABLE_VR;ENABLE_WEBCAM;ENABLE_UNITYWEBREQUEST;ENABLE_WWW;ENABLE_CLOUD_SERVICES;ENABLE_CLOUD_SERVICES_ADS;ENABLE_CLOUD_SERVICES_USE_WEBREQUEST;ENABLE_CLOUD_SERVICES_CRASH_REPORTING;ENABLE_CLOUD_SERVICES_PURCHASING;ENABLE_CLOUD_SERVICES_ANALYTICS;ENABLE_CLOUD_SERVICES_BUILD;ENABLE_EDITOR_GAME_SERVICES;ENABLE_UNITY_GAME_SERVICES_ANALYTICS_SUPPORT;ENABLE_CLOUD_LICENSE;ENABLE_EDITOR_HUB_LICENSE;ENABLE_WEBSOCKET_CLIENT;ENABLE_GENERATE_NATIVE_PLUGINS_FOR_ASSEMBLIES_API;ENABLE_DIRECTOR_AUDIO;ENABLE_DIRECTOR_TEXTURE;ENABLE_MANAGED_JOBS;ENABLE_MANAGED_TRANSFORM_JOBS;ENABLE_MANAGED_ANIMATION_JOBS;ENABLE_MANAGED_AUDIO_JOBS;ENABLE_MANAGED_UNITYTLS;INCLUDE_DYNAMIC_GI;ENABLE_SCRIPTING_GC_WBARRIERS;PLATFORM_SUPPORTS_MONO;RENDER_SOFTWARE_CURSOR;ENABLE_VIDEO;ENABLE_ACCELERATOR_CLIENT_DEBUGGING;ENABLE_NAVIGATION_PACKAGE_DEBUG_VISUALIZATION;ENABLE_NAVIGATION_HEIGHTMESH_RUNTIME_SUPPORT;ENABLE_NAVIGATION_UI_REQUIRES_PACKAGE;PLATFORM_STANDALONE;TEXTCORE_1_0_OR_NEWER;PLATFORM_STANDALONE_WIN;UNITY_STANDALONE_WIN;UNITY_STANDALONE;ENABLE_RUNTIME_GI;ENABLE_MOVIES;ENABLE_NETWORK;ENABLE_NVIDIA;ENABLE_CRUNCH_TEXTURE_COMPRESSION;ENABLE_OUT_OF_PROCESS_CRASH_HANDLER;ENABLE_CLUSTER_SYNC;ENABLE_CLUSTERINPUT;PLATFORM_UPDATES_TIME_OUTSIDE_OF_PLAYER_LOOP;GFXDEVICE_WAITFOREVENT_MESSAGEPUMP;PLATFORM_INITIALIZES_MEMORY_MANAGER_EXPLICITLY;ENABLE_MONO;NET_STANDARD_2_0;NET_STANDARD;NET_STANDARD_2_1;NETSTANDARD;NETSTANDARD2_1;ENABLE_PROFILER;DEBUG;TRACE;UNITY_ASSERTIONS;UNITY_EDITOR;UNITY_EDITOR_64;UNITY_EDITOR_WIN;ENABLE_UNITY_COLLECTIONS_CHECKS;ENABLE_BURST_AOT;UNITY_TEAM_LICENSE;ENABLE_CUSTOM_RENDER_TEXTURE;ENABLE_DIRECTOR;ENABLE_LOCALIZATION;ENABLE_SPRITES;ENABLE_TERRAIN;ENABLE_TILEMAP;ENABLE_TIMELINE;ENABLE_LEGACY_INPUT_MANAGER;TEXTCORE_FONT_ENGINE_1_5_OR_NEWER;CSHARP_7_OR_LATER;CSHARP_7_3_OR_NEWER;DEBUG")
       C:\Program Files\dotnet\sdk\9.0.302\Sdks\Microsoft.NET.Sdk\targets\Microsoft.NET.Windows.targets(44,5): message : 속성 재할당: $(SupportedOSPlatformVersion)=C:\Program Files\dotnet\sdk\9.0.302\Sdks\Microsoft.NET.Sdk\targets\Microsoft.NET.Windows.targets (44,5)의 "7.0"(이전 값: "")
       C:\Program Files\dotnet\sdk\9.0.302\Sdks\Microsoft.NET.Sdk\targets\Microsoft.NET.Windows.targets(45,5): message : 속성 재할당: $(TargetPlatformMinVersion)=C:\Program Files\dotnet\sdk\9.0.302\Sdks\Microsoft.NET.Sdk\targets\Microsoft.NET.Windows.targets (45,5)의 "7.0"(이전 값: "")
       C:\Program Files\dotnet\sdk\9.0.302\Sdks\NuGet.Build.Tasks.Pack\build\NuGet.Build.Tasks.Pack.targets(34,5): message : 속성 재할당: $(PackageDescription)=C:\Program Files\dotnet\sdk\9.0.302\Sdks\NuGet.Build.Tasks.Pack\build\NuGet.Build.Tasks.Pack.targets (34,5)의 "Package Description"(이전 값: "")
       C:\Program Files\dotnet\sdk\9.0.302\Sdks\NuGet.Build.Tasks.Pack\build\NuGet.Build.Tasks.Pack.targets(59,5): message : 속성 재할당: $(GenerateNuspecDependsOn)=C:\Program Files\dotnet\sdk\9.0.302\Sdks\NuGet.Build.Tasks.Pack\build\NuGet.Build.Tasks.Pack.targets (59,5)의 "Build;_LoadPackInputItems; _GetTargetFrameworksOutput; _WalkEachTargetPerFramework; _GetPackageFiles; "(이전 값: "_LoadPackInputItems; _GetTargetFrameworksOutput; _WalkEachTargetPerFramework; _GetPackageFiles; ")
       C:\Program Files\dotnet\sdk\9.0.302\Sdks\Microsoft.NET.Sdk\Sdk\Sdk.targets(60,5): message : 속성 재할당: $(_IsNotSetContainersTargetsDir)=C:\Program Files\dotnet\sdk\9.0.302\Sdks\Microsoft.NET.Sdk\Sdk\Sdk.targets (60,5)의 "true"(이전 값: "false")
       C:\Program Files\dotnet\sdk\9.0.302\Containers\build\Microsoft.NET.Build.Containers.targets(5,5): message : 속성 재할당: $(_IsSDKContainerAllowedVersion)=C:\Program Files\dotnet\sdk\9.0.302\Containers\build\Microsoft.NET.Build.Containers.targets (5,5)의 "true"(이전 값: "false")
       "C:\Program Files\dotnet\sdk\9.0.302\Microsoft.Common.CurrentVersion.targets" 프로젝트의 "ResolveFrameworkReferences" 대상을 "C:\Program Files\dotnet\sdk\9.0.302\Sdks\Microsoft.NET.Sdk\targets\Microsoft.NET.Sdk.FrameworkReferenceResolution.targets" 프로젝트의 "ResolveFrameworkReferences" 대상으로 재정의하고 있습니다.
       "C:\Program Files\dotnet\sdk\9.0.302\Microsoft.Common.CurrentVersion.targets" 프로젝트의 "Run" 대상을 "C:\Program Files\dotnet\sdk\9.0.302\Sdks\Microsoft.NET.Sdk\targets\Microsoft.NET.Sdk.targets" 프로젝트의 "Run" 대상으로 재정의하고 있습니다.
       "C:\Program Files\dotnet\sdk\9.0.302\Microsoft.Common.CurrentVersion.targets" 프로젝트의 "GenerateSupportedTargetFrameworkAlias" 대상을 "C:\Program Files\dotnet\sdk\9.0.302\Sdks\Microsoft.NET.Sdk\targets\Microsoft.NET.Sdk.targets" 프로젝트의 "GenerateSupportedTargetFrameworkAlias" 대상으로 재정의하고 있습니다.
       "C:\Program Files\dotnet\sdk\9.0.302\Microsoft.Common.CurrentVersion.targets" 프로젝트의 "GetReferenceAssemblyPaths" 대상을 "C:\Program Files\dotnet\sdk\9.0.302\Sdks\Microsoft.NET.Sdk\targets\Microsoft.NET.DisableStandardFrameworkResolution.targets" 프로젝트의 "GetReferenceAssemblyPaths" 대상으로 재정의하고 있습니다.
       "C:\Program Files\dotnet\sdk\9.0.302\Microsoft.Common.CurrentVersion.targets" 프로젝트의 "GetFrameworkPaths" 대상을 "C:\Program Files\dotnet\sdk\9.0.302\Sdks\Microsoft.NET.Sdk\targets\Microsoft.NET.DisableStandardFrameworkResolution.targets" 프로젝트의 "GetFrameworkPaths" 대상으로 재정의하고 있습니다.
       "C:\Program Files\dotnet\sdk\9.0.302\Microsoft.Common.CurrentVersion.targets" 프로젝트의 "DesignerRuntimeImplementationProjectOutputGroup" 대상을 "C:\Program Files\dotnet\sdk\9.0.302\Sdks\Microsoft.NET.Sdk\targets\Microsoft.NET.DesignerSupport.targets" 프로젝트의 "DesignerRuntimeImplementationProjectOutputGroup" 대상으로 재정의하고 있습니다.
       "C:\Program Files\dotnet\sdk\9.0.302\Microsoft.Common.CurrentVersion.targets" 프로젝트의 "Publish" 대상을 "C:\Program Files\dotnet\sdk\9.0.302\Sdks\Microsoft.NET.Sdk\targets\Microsoft.NET.Publish.targets" 프로젝트의 "Publish" 대상으로 재정의하고 있습니다.
       "C:\Program Files\dotnet\sdk\9.0.302\Sdks\Microsoft.NET.Sdk\targets\Microsoft.NET.CrossGen.targets" 프로젝트의 "ResolveReadyToRunCompilers" 대상을 "C:\Program Files\dotnet\sdk\9.0.302\Sdks\Microsoft.NET.Sdk\targets\Microsoft.NET.Publish.targets" 프로젝트의 "ResolveReadyToRunCompilers" 대상으로 재정의하고 있습니다.
       "C:\Program Files\dotnet\sdk\9.0.302\Microsoft.Common.CurrentVersion.targets" 프로젝트의 "GetCopyToPublishDirectoryItems" 대상을 "C:\Program Files\dotnet\sdk\9.0.302\Sdks\Microsoft.NET.Sdk\targets\Microsoft.NET.Publish.targets" 프로젝트의 "GetCopyToPublishDirectoryItems" 대상으로 재정의하고 있습니다.
     1>1 노드의 "D:\GitRepo\SUMMONER_Refactor\Workpiece\Summoner\Assembly-CSharp.csproj" 프로젝트(Restore 대상)입니다.
     1>"D:\GitRepo\SUMMONER_Refactor\Workpiece\Summoner\Assembly-CSharp.csproj" 프로젝트의 "C:\Program Files\dotnet\sdk\9.0.302\NuGet.targets" 파일에 있는 "_LoadRestoreGraphEntryPoints" 대상("_FilterRestoreGraphProjectInputItems" 대상이 종속됨):
     1>추가된 항목: RestoreGraphProjectInputItems=D:\GitRepo\SUMMONER_Refactor\Workpiece\Summoner\Assembly-CSharp.csproj
       조건이 잘못되어 "GetRestoreSolutionProjectsTask" 작업을 건너뜁니다. ( $(MSBuildProjectFullPath.EndsWith('.metaproj')) == 'true' AND @(RestoreGraphProjectInputItems) == '' )이(가) ( False == 'true' AND D:\GitRepo\SUMMONER_Refactor\Workpiece\Summoner\Assembly-CSharp.csproj == '' )(으)로 확인되었습니다.
     1>"Assembly-CSharp.csproj" 프로젝트에 "_LoadRestoreGraphEntryPoints" 대상을 빌드했습니다.
     1>"D:\GitRepo\SUMMONER_Refactor\Workpiece\Summoner\Assembly-CSharp.csproj" 프로젝트의 "C:\Program Files\dotnet\sdk\9.0.302\NuGet.targets" 파일에 있는 "_FilterRestoreGraphProjectInputItems" 대상("_GenerateRestoreGraph" 대상이 종속됨):
       설정 속성: RestoreProjectFilterMode=exclusionlist
       추가된 항목: _FilteredRestoreGraphProjectInputItemsTmp=D:\GitRepo\SUMMONER_Refactor\Workpiece\Summoner\Assembly-CSharp.csproj
       "Microsoft.Build.Tasks.Core, Version=15.1.0.0, Culture=neutral, PublicKeyToken=b03f5f7f11d50a3a" 어셈블리에서 "RemoveDuplicates" 작업을 사용합니다.
       "RemoveDuplicates" 작업
         출력 항목: FilteredRestoreGraphProjectInputItemsWithoutDuplicates=D:\GitRepo\SUMMONER_Refactor\Workpiece\Summoner\Assembly-CSharp.csproj
       "RemoveDuplicates" 작업을 실행했습니다.
       "Microsoft.Build.Tasks.Core, Version=15.1.0.0, Culture=neutral, PublicKeyToken=b03f5f7f11d50a3a" 어셈블리에서 "MSBuild" 작업을 사용합니다.
       "MSBuild" 작업
         작업 매개 변수:SkipNonexistentTargets=True
         작업 매개 변수:BuildInParallel=True
         작업 매개 변수:Projects=D:\GitRepo\SUMMONER_Refactor\Workpiece\Summoner\Assembly-CSharp.csproj
         작업 매개 변수:Targets=_IsProjectRestoreSupported
         작업 매개 변수:Properties=ExcludeRestorePackageImports=true
         전역 속성:
           ExcludeRestorePackageImports=true
     0>C:\Program Files\dotnet\sdk\9.0.302\Sdks\Microsoft.NET.Sdk\Sdk\Sdk.props(49,11): message : 환경에서 값이 'MSBuildExtensionsPath'인 속성 'C:\Program Files\dotnet\sdk\9.0.302\'이(가) 확장되었습니다.
       C:\Program Files\dotnet\sdk\9.0.302\Current\Microsoft.Common.props(51,5): message : 속성 재할당: $(BaseIntermediateOutputPath)=C:\Program Files\dotnet\sdk\9.0.302\Current\Microsoft.Common.props (51,5)의 "Temp\obj\\Assembly-CSharp\"(이전 값: "Temp\obj\\Assembly-CSharp")
       C:\Program Files\dotnet\sdk\9.0.302\Current\Microsoft.Common.props(60,5): message : 속성 재할당: $(MSBuildProjectExtensionsPath)=C:\Program Files\dotnet\sdk\9.0.302\Current\Microsoft.Common.props (60,5)의 "D:\GitRepo\SUMMONER_Refactor\Workpiece\Summoner\Temp\obj\\Assembly-CSharp\"(이전 값: "Temp\obj\\Assembly-CSharp\")
       C:\Program Files\dotnet\sdk\9.0.302\Current\Microsoft.Common.props(84,119): message : 환경에서 값이 'MSBuildUserExtensionsPath'인 속성 'C:\Users\rudgn\AppData\Local\Microsoft\MSBuild'이(가) 확장되었습니다.
       C:\Program Files\dotnet\sdk\9.0.302\Sdks\Microsoft.NET.Sdk\targets\Microsoft.NET.Sdk.props(90,5): message : 속성 재할당: $(AssemblySearchPaths)=C:\Program Files\dotnet\sdk\9.0.302\Sdks\Microsoft.NET.Sdk\targets\Microsoft.NET.Sdk.props (90,5)의 "{CandidateAssemblyFiles};{HintPathFromItem}"(이전 값: "{CandidateAssemblyFiles}")
       C:\Program Files\dotnet\sdk\9.0.302\Sdks\Microsoft.NET.Sdk\targets\Microsoft.NET.Sdk.props(91,5): message : 속성 재할당: $(AssemblySearchPaths)=C:\Program Files\dotnet\sdk\9.0.302\Sdks\Microsoft.NET.Sdk\targets\Microsoft.NET.Sdk.props (91,5)의 "{CandidateAssemblyFiles};{HintPathFromItem};{TargetFrameworkDirectory}"(이전 값: "{CandidateAssemblyFiles};{HintPathFromItem}")
       C:\Program Files\dotnet\sdk\9.0.302\Sdks\Microsoft.NET.Sdk\targets\Microsoft.NET.Sdk.props(92,5): message : 속성 재할당: $(AssemblySearchPaths)=C:\Program Files\dotnet\sdk\9.0.302\Sdks\Microsoft.NET.Sdk\targets\Microsoft.NET.Sdk.props (92,5)의 "{CandidateAssemblyFiles};{HintPathFromItem};{TargetFrameworkDirectory};{RawFileName}"(이전 값: "{CandidateAssemblyFiles};{HintPathFromItem};{TargetFrameworkDirectory}")
       C:\Program Files\dotnet\sdk\9.0.302\Sdks\Microsoft.NET.Sdk\targets\Microsoft.NET.PackProjectTool.props(15,5): message : 속성 재할당: $(TargetsForTfmSpecificContentInPackage)=C:\Program Files\dotnet\sdk\9.0.302\Sdks\Microsoft.NET.Sdk\targets\Microsoft.NET.PackProjectTool.props (15,5)의 ";PackTool;_PackProjectToolValidation"(이전 값: ";PackTool")
       D:\GitRepo\SUMMONER_Refactor\Workpiece\Summoner\Assembly-CSharp.csproj(19,5): message : 속성 재할당: $(RootNamespace)=D:\GitRepo\SUMMONER_Refactor\Workpiece\Summoner\Assembly-CSharp.csproj (19,5)의 ""(이전 값: "Assembly-CSharp")
       D:\GitRepo\SUMMONER_Refactor\Workpiece\Summoner\Assembly-CSharp.csproj(28,5): message : 속성 재할당: $(DebugType)=D:\GitRepo\SUMMONER_Refactor\Workpiece\Summoner\Assembly-CSharp.csproj (28,5)의 "full"(이전 값: "portable")
       D:\GitRepo\SUMMONER_Refactor\Workpiece\Summoner\Assembly-CSharp.csproj(31,5): message : 속성 재할당: $(DefineConstants)=D:\GitRepo\SUMMONER_Refactor\Workpiece\Summoner\Assembly-CSharp.csproj (31,5)의 "UNITY_2022_3_44;UNITY_2022_3;UNITY_2022;UNITY_5_3_OR_NEWER;UNITY_5_4_OR_NEWER;UNITY_5_5_OR_NEWER;UNITY_5_6_OR_NEWER;UNITY_2017_1_OR_NEWER;UNITY_2017_2_OR_NEWER;UNITY_2017_3_OR_NEWER;UNITY_2017_4_OR_NEWER;UNITY_2018_1_OR_NEWER;UNITY_2018_2_OR_NEWER;UNITY_2018_3_OR_NEWER;UNITY_2018_4_OR_NEWER;UNITY_2019_1_OR_NEWER;UNITY_2019_2_OR_NEWER;UNITY_2019_3_OR_NEWER;UNITY_2019_4_OR_NEWER;UNITY_2020_1_OR_NEWER;UNITY_2020_2_OR_NEWER;UNITY_2020_3_OR_NEWER;UNITY_2021_1_OR_NEWER;UNITY_2021_2_OR_NEWER;UNITY_2021_3_OR_NEWER;UNITY_2022_1_OR_NEWER;UNITY_2022_2_OR_NEWER;UNITY_2022_3_OR_NEWER;PLATFORM_ARCH_64;UNITY_64;UNITY_INCLUDE_TESTS;ENABLE_AR;ENABLE_AUDIO;ENABLE_CACHING;ENABLE_CLOTH;ENABLE_EVENT_QUEUE;ENABLE_MICROPHONE;ENABLE_MULTIPLE_DISPLAYS;ENABLE_PHYSICS;ENABLE_TEXTURE_STREAMING;ENABLE_VIRTUALTEXTURING;ENABLE_LZMA;ENABLE_UNITYEVENTS;ENABLE_VR;ENABLE_WEBCAM;ENABLE_UNITYWEBREQUEST;ENABLE_WWW;ENABLE_CLOUD_SERVICES;ENABLE_CLOUD_SERVICES_ADS;ENABLE_CLOUD_SERVICES_USE_WEBREQUEST;ENABLE_CLOUD_SERVICES_CRASH_REPORTING;ENABLE_CLOUD_SERVICES_PURCHASING;ENABLE_CLOUD_SERVICES_ANALYTICS;ENABLE_CLOUD_SERVICES_BUILD;ENABLE_EDITOR_GAME_SERVICES;ENABLE_UNITY_GAME_SERVICES_ANALYTICS_SUPPORT;ENABLE_CLOUD_LICENSE;ENABLE_EDITOR_HUB_LICENSE;ENABLE_WEBSOCKET_CLIENT;ENABLE_GENERATE_NATIVE_PLUGINS_FOR_ASSEMBLIES_API;ENABLE_DIRECTOR_AUDIO;ENABLE_DIRECTOR_TEXTURE;ENABLE_MANAGED_JOBS;ENABLE_MANAGED_TRANSFORM_JOBS;ENABLE_MANAGED_ANIMATION_JOBS;ENABLE_MANAGED_AUDIO_JOBS;ENABLE_MANAGED_UNITYTLS;INCLUDE_DYNAMIC_GI;ENABLE_SCRIPTING_GC_WBARRIERS;PLATFORM_SUPPORTS_MONO;RENDER_SOFTWARE_CURSOR;ENABLE_VIDEO;ENABLE_ACCELERATOR_CLIENT_DEBUGGING;ENABLE_NAVIGATION_PACKAGE_DEBUG_VISUALIZATION;ENABLE_NAVIGATION_HEIGHTMESH_RUNTIME_SUPPORT;ENABLE_NAVIGATION_UI_REQUIRES_PACKAGE;PLATFORM_STANDALONE;TEXTCORE_1_0_OR_NEWER;PLATFORM_STANDALONE_WIN;UNITY_STANDALONE_WIN;UNITY_STANDALONE;ENABLE_RUNTIME_GI;ENABLE_MOVIES;ENABLE_NETWORK;ENABLE_NVIDIA;ENABLE_CRUNCH_TEXTURE_COMPRESSION;ENABLE_OUT_OF_PROCESS_CRASH_HANDLER;ENABLE_CLUSTER_SYNC;ENABLE_CLUSTERINPUT;PLATFORM_UPDATES_TIME_OUTSIDE_OF_PLAYER_LOOP;GFXDEVICE_WAITFOREVENT_MESSAGEPUMP;PLATFORM_INITIALIZES_MEMORY_MANAGER_EXPLICITLY;ENABLE_MONO;NET_STANDARD_2_0;NET_STANDARD;NET_STANDARD_2_1;NETSTANDARD;NETSTANDARD2_1;ENABLE_PROFILER;DEBUG;TRACE;UNITY_ASSERTIONS;UNITY_EDITOR;UNITY_EDITOR_64;UNITY_EDITOR_WIN;ENABLE_UNITY_COLLECTIONS_CHECKS;ENABLE_BURST_AOT;UNITY_TEAM_LICENSE;ENABLE_CUSTOM_RENDER_TEXTURE;ENABLE_DIRECTOR;ENABLE_LOCALIZATION;ENABLE_SPRITES;ENABLE_TERRAIN;ENABLE_TILEMAP;ENABLE_TIMELINE;ENABLE_LEGACY_INPUT_MANAGER;TEXTCORE_FONT_ENGINE_1_5_OR_NEWER;CSHARP_7_OR_LATER;CSHARP_7_3_OR_NEWER"(이전 값: "TRACE")
       D:\GitRepo\SUMMONER_Refactor\Workpiece\Summoner\Assembly-CSharp.csproj(34,5): message : 속성 재할당: $(NoWarn)=D:\GitRepo\SUMMONER_Refactor\Workpiece\Summoner\Assembly-CSharp.csproj (34,5)의 "0169;USG0001"(이전 값: "1701;1702")
       D:\GitRepo\SUMMONER_Refactor\Workpiece\Summoner\Assembly-CSharp.csproj(35,5): message : 속성 재할당: $(AllowUnsafeBlocks)=D:\GitRepo\SUMMONER_Refactor\Workpiece\Summoner\Assembly-CSharp.csproj (35,5)의 "False"(이전 값: "false")
       C:\Program Files\dotnet\sdk\9.0.302\Sdks\Microsoft.NET.Sdk\targets\Microsoft.NET.Sdk.ImportPublishProfile.targets(28,5): message : 속성 재할당: $(PublishProfileImported)=C:\Program Files\dotnet\sdk\9.0.302\Sdks\Microsoft.NET.Sdk\targets\Microsoft.NET.Sdk.ImportPublishProfile.targets (28,5)의 "false"(이전 값: "true")
       C:\Program Files\dotnet\sdk\9.0.302\Sdks\Microsoft.NET.Sdk\targets\Microsoft.NET.TargetFrameworkInference.targets(69,5): message : 속성 재할당: $(TargetPlatformVersion)=C:\Program Files\dotnet\sdk\9.0.302\Sdks\Microsoft.NET.Sdk\targets\Microsoft.NET.TargetFrameworkInference.targets (69,5)의 ""(이전 값: "0.0")
       C:\Program Files\dotnet\sdk\9.0.302\Sdks\Microsoft.NET.Sdk\targets\Microsoft.NET.DefaultOutputPaths.targets(109,5): message : 속성 재할당: $(IntermediateOutputPath)=C:\Program Files\dotnet\sdk\9.0.302\Sdks\Microsoft.NET.Sdk\targets\Microsoft.NET.DefaultOutputPaths.targets (109,5)의 "Temp\obj\\Assembly-CSharp\"(이전 값: "Temp\obj\\Assembly-CSharp")
       C:\Program Files\dotnet\sdk\9.0.302\Sdks\Microsoft.NET.Sdk\targets\Microsoft.NET.DefaultOutputPaths.targets(122,5): message : 속성 재할당: $(DefaultItemExcludes)=C:\Program Files\dotnet\sdk\9.0.302\Sdks\Microsoft.NET.Sdk\targets\Microsoft.NET.DefaultOutputPaths.targets (122,5)의 ";Temp\bin\Debug\/**;Temp\obj\\Assembly-CSharp\/**"(이전 값: ";Temp\bin\Debug\/**")
       C:\Program Files\dotnet\sdk\9.0.302\Sdks\Microsoft.NET.Sdk\targets\Microsoft.NET.Sdk.BeforeCommon.targets(192,5): message : 속성 재할당: $(_FrameworkVersionForImplicitDefine)=C:\Program Files\dotnet\sdk\9.0.302\Sdks\Microsoft.NET.Sdk\targets\Microsoft.NET.Sdk.BeforeCommon.targets (192,5)의 "2_1"(이전 값: "2.1")
       C:\Program Files\dotnet\sdk\9.0.302\Roslyn\Microsoft.CSharp.Core.targets(200,5): message : 속성 재할당: $(CommandLineArgsForDesignTimeEvaluation)=C:\Program Files\dotnet\sdk\9.0.302\Roslyn\Microsoft.CSharp.Core.targets (200,5)의 "-langversion:9.0 -define:UNITY_2022_3_44;UNITY_2022_3;UNITY_2022;UNITY_5_3_OR_NEWER;UNITY_5_4_OR_NEWER;UNITY_5_5_OR_NEWER;UNITY_5_6_OR_NEWER;UNITY_2017_1_OR_NEWER;UNITY_2017_2_OR_NEWER;UNITY_2017_3_OR_NEWER;UNITY_2017_4_OR_NEWER;UNITY_2018_1_OR_NEWER;UNITY_2018_2_OR_NEWER;UNITY_2018_3_OR_NEWER;UNITY_2018_4_OR_NEWER;UNITY_2019_1_OR_NEWER;UNITY_2019_2_OR_NEWER;UNITY_2019_3_OR_NEWER;UNITY_2019_4_OR_NEWER;UNITY_2020_1_OR_NEWER;UNITY_2020_2_OR_NEWER;UNITY_2020_3_OR_NEWER;UNITY_2021_1_OR_NEWER;UNITY_2021_2_OR_NEWER;UNITY_2021_3_OR_NEWER;UNITY_2022_1_OR_NEWER;UNITY_2022_2_OR_NEWER;UNITY_2022_3_OR_NEWER;PLATFORM_ARCH_64;UNITY_64;UNITY_INCLUDE_TESTS;ENABLE_AR;ENABLE_AUDIO;ENABLE_CACHING;ENABLE_CLOTH;ENABLE_EVENT_QUEUE;ENABLE_MICROPHONE;ENABLE_MULTIPLE_DISPLAYS;ENABLE_PHYSICS;ENABLE_TEXTURE_STREAMING;ENABLE_VIRTUALTEXTURING;ENABLE_LZMA;ENABLE_UNITYEVENTS;ENABLE_VR;ENABLE_WEBCAM;ENABLE_UNITYWEBREQUEST;ENABLE_WWW;ENABLE_CLOUD_SERVICES;ENABLE_CLOUD_SERVICES_ADS;ENABLE_CLOUD_SERVICES_USE_WEBREQUEST;ENABLE_CLOUD_SERVICES_CRASH_REPORTING;ENABLE_CLOUD_SERVICES_PURCHASING;ENABLE_CLOUD_SERVICES_ANALYTICS;ENABLE_CLOUD_SERVICES_BUILD;ENABLE_EDITOR_GAME_SERVICES;ENABLE_UNITY_GAME_SERVICES_ANALYTICS_SUPPORT;ENABLE_CLOUD_LICENSE;ENABLE_EDITOR_HUB_LICENSE;ENABLE_WEBSOCKET_CLIENT;ENABLE_GENERATE_NATIVE_PLUGINS_FOR_ASSEMBLIES_API;ENABLE_DIRECTOR_AUDIO;ENABLE_DIRECTOR_TEXTURE;ENABLE_MANAGED_JOBS;ENABLE_MANAGED_TRANSFORM_JOBS;ENABLE_MANAGED_ANIMATION_JOBS;ENABLE_MANAGED_AUDIO_JOBS;ENABLE_MANAGED_UNITYTLS;INCLUDE_DYNAMIC_GI;ENABLE_SCRIPTING_GC_WBARRIERS;PLATFORM_SUPPORTS_MONO;RENDER_SOFTWARE_CURSOR;ENABLE_VIDEO;ENABLE_ACCELERATOR_CLIENT_DEBUGGING;ENABLE_NAVIGATION_PACKAGE_DEBUG_VISUALIZATION;ENABLE_NAVIGATION_HEIGHTMESH_RUNTIME_SUPPORT;ENABLE_NAVIGATION_UI_REQUIRES_PACKAGE;PLATFORM_STANDALONE;TEXTCORE_1_0_OR_NEWER;PLATFORM_STANDALONE_WIN;UNITY_STANDALONE_WIN;UNITY_STANDALONE;ENABLE_RUNTIME_GI;ENABLE_MOVIES;ENABLE_NETWORK;ENABLE_NVIDIA;ENABLE_CRUNCH_TEXTURE_COMPRESSION;ENABLE_OUT_OF_PROCESS_CRASH_HANDLER;ENABLE_CLUSTER_SYNC;ENABLE_CLUSTERINPUT;PLATFORM_UPDATES_TIME_OUTSIDE_OF_PLAYER_LOOP;GFXDEVICE_WAITFOREVENT_MESSAGEPUMP;PLATFORM_INITIALIZES_MEMORY_MANAGER_EXPLICITLY;ENABLE_MONO;NET_STANDARD_2_0;NET_STANDARD;NET_STANDARD_2_1;NETSTANDARD;NETSTANDARD2_1;ENABLE_PROFILER;DEBUG;TRACE;UNITY_ASSERTIONS;UNITY_EDITOR;UNITY_EDITOR_64;UNITY_EDITOR_WIN;ENABLE_UNITY_COLLECTIONS_CHECKS;ENABLE_BURST_AOT;UNITY_TEAM_LICENSE;ENABLE_CUSTOM_RENDER_TEXTURE;ENABLE_DIRECTOR;ENABLE_LOCALIZATION;ENABLE_SPRITES;ENABLE_TERRAIN;ENABLE_TILEMAP;ENABLE_TIMELINE;ENABLE_LEGACY_INPUT_MANAGER;TEXTCORE_FONT_ENGINE_1_5_OR_NEWER;CSHARP_7_OR_LATER;CSHARP_7_3_OR_NEWER"(이전 값: "-langversion:9.0")
       C:\Program Files\dotnet\sdk\9.0.302\Microsoft.Common.CurrentVersion.targets(89,5): message : 속성 재할당: $(TargetPlatformIdentifier)=C:\Program Files\dotnet\sdk\9.0.302\Microsoft.Common.CurrentVersion.targets (89,5)의 "Windows"(이전 값: "")
       C:\Program Files\dotnet\sdk\9.0.302\Microsoft.Common.CurrentVersion.targets(90,5): message : 속성 재할당: $(TargetPlatformVersion)=C:\Program Files\dotnet\sdk\9.0.302\Microsoft.Common.CurrentVersion.targets (90,5)의 "7.0"(이전 값: "")
       C:\Program Files\dotnet\sdk\9.0.302\Microsoft.Common.CurrentVersion.targets(175,5): message : 속성 재할당: $(_DebugSymbolsProduced)=C:\Program Files\dotnet\sdk\9.0.302\Microsoft.Common.CurrentVersion.targets (175,5)의 "true"(이전 값: "false")
       C:\Program Files\dotnet\sdk\9.0.302\Microsoft.Common.CurrentVersion.targets(185,5): message : 속성 재할당: $(_DocumentationFileProduced)=C:\Program Files\dotnet\sdk\9.0.302\Microsoft.Common.CurrentVersion.targets (185,5)의 "false"(이전 값: "true")
       C:\Program Files\dotnet\sdk\9.0.302\Microsoft.Common.CurrentVersion.targets(392,5): message : 속성 재할당: $(MSBuildCopyMarkerName)=C:\Program Files\dotnet\sdk\9.0.302\Microsoft.Common.CurrentVersion.targets (392,5)의 "Assembly.44154EF1"(이전 값: "Assembly-CSharp.csproj")
       C:\Program Files\dotnet\sdk\9.0.302\Microsoft.Common.CurrentVersion.targets(393,5): message : 속성 재할당: $(MSBuildCopyMarkerName)=C:\Program Files\dotnet\sdk\9.0.302\Microsoft.Common.CurrentVersion.targets (393,5)의 "Assembly.44154EF1.Up2Date"(이전 값: "Assembly.44154EF1")
       C:\Program Files\dotnet\sdk\9.0.302\Microsoft.Common.CurrentVersion.targets(541,5): message : 속성 재할당: $(ProcessorArchitecture)=C:\Program Files\dotnet\sdk\9.0.302\Microsoft.Common.CurrentVersion.targets (541,5)의 "msil"(이전 값: "")
       C:\Program Files\dotnet\sdk\9.0.302\Microsoft.Common.CurrentVersion.targets(580,5): message : 속성 재할당: $(DelaySign)=C:\Program Files\dotnet\sdk\9.0.302\Microsoft.Common.CurrentVersion.targets (580,5)의 ""(이전 값: "false")
       C:\Program Files\dotnet\sdk\9.0.302\Microsoft.Common.CurrentVersion.targets(2620,5): message : 환경에서 값이 'LOCALAPPDATA'인 속성 'C:\Users\rudgn\AppData\Local'이(가) 확장되었습니다.
       C:\Program Files\dotnet\sdk\9.0.302\Microsoft.Common.CurrentVersion.targets(3948,5): message : 속성 재할당: $(_SGenGenerateSerializationAssembliesConfig)=C:\Program Files\dotnet\sdk\9.0.302\Microsoft.Common.CurrentVersion.targets (3948,5)의 "Auto"(이전 값: "")
       C:\Program Files\dotnet\sdk\9.0.302\Microsoft.Common.CurrentVersion.targets(3949,5): message : 속성 재할당: $(_SGenGenerateSerializationAssembliesConfig)=C:\Program Files\dotnet\sdk\9.0.302\Microsoft.Common.CurrentVersion.targets (3949,5)의 "Off"(이전 값: "Auto")
       C:\Program Files\dotnet\sdk\9.0.302\Microsoft.Common.CurrentVersion.targets(5160,5): message : 속성 재할당: $(_TargetsThatPrepareProjectReferences)=C:\Program Files\dotnet\sdk\9.0.302\Microsoft.Common.CurrentVersion.targets (5160,5)의 "
       C:\Program Files\dotnet\sdk\9.0.302\Microsoft.Common.CurrentVersion.targets(5160,5): message :       AssignProjectConfiguration;
       C:\Program Files\dotnet\sdk\9.0.302\Microsoft.Common.CurrentVersion.targets(5160,5): message :       _SplitProjectReferencesByFileExistence
       C:\Program Files\dotnet\sdk\9.0.302\Microsoft.Common.CurrentVersion.targets(5160,5): message :     "(이전 값: "_SplitProjectReferencesByFileExistence")
       C:\Program Files\dotnet\sdk\9.0.302\Microsoft.Common.CurrentVersion.targets(6955,5): message : 환경에서 값이 'MSBuildExtensionsPath32'인 속성 'C:\Program Files\dotnet\sdk\9.0.302'이(가) 확장되었습니다.
       C:\Program Files\dotnet\sdk\9.0.302\Sdks\Microsoft.NET.Sdk\targets\Microsoft.PackageDependencyResolution.targets(24,5): message : 속성 재할당: $(ProjectAssetsFile)=C:\Program Files\dotnet\sdk\9.0.302\Sdks\Microsoft.NET.Sdk\targets\Microsoft.PackageDependencyResolution.targets (24,5)의 "D:\GitRepo\SUMMONER_Refactor\Workpiece\Summoner\Temp\obj\Assembly-CSharp\project.assets.json"(이전 값: "D:\GitRepo\SUMMONER_Refactor\Workpiece\Summoner\Temp\obj\\Assembly-CSharp\/project.assets.json")
       C:\Program Files\dotnet\sdk\9.0.302\Sdks\Microsoft.NET.Sdk\targets\Microsoft.PackageDependencyResolution.targets(29,5): message : 속성 재할당: $(ProjectAssetsCacheFile)=C:\Program Files\dotnet\sdk\9.0.302\Sdks\Microsoft.NET.Sdk\targets\Microsoft.PackageDependencyResolution.targets (29,5)의 "D:\GitRepo\SUMMONER_Refactor\Workpiece\Summoner\Temp\obj\Assembly-CSharp\Assembly-CSharp.assets.cache"(이전 값: "Temp\obj\\Assembly-CSharp\Assembly-CSharp.assets.cache")
       C:\Program Files\dotnet\sdk\9.0.302\Sdks\Microsoft.NET.Sdk\targets\Microsoft.PackageDependencyResolution.targets(80,5): message : 속성 재할당: $(ResolveAssemblyReferencesDependsOn)=C:\Program Files\dotnet\sdk\9.0.302\Sdks\Microsoft.NET.Sdk\targets\Microsoft.PackageDependencyResolution.targets (80,5)의 "
       C:\Program Files\dotnet\sdk\9.0.302\Sdks\Microsoft.NET.Sdk\targets\Microsoft.PackageDependencyResolution.targets(80,5): message :       
       C:\Program Files\dotnet\sdk\9.0.302\Sdks\Microsoft.NET.Sdk\targets\Microsoft.PackageDependencyResolution.targets(80,5): message :       ResolveProjectReferences;
       C:\Program Files\dotnet\sdk\9.0.302\Sdks\Microsoft.NET.Sdk\targets\Microsoft.PackageDependencyResolution.targets(80,5): message :       FindInvalidProjectReferences;
       C:\Program Files\dotnet\sdk\9.0.302\Sdks\Microsoft.NET.Sdk\targets\Microsoft.PackageDependencyResolution.targets(80,5): message :       GetFrameworkPaths;
       C:\Program Files\dotnet\sdk\9.0.302\Sdks\Microsoft.NET.Sdk\targets\Microsoft.PackageDependencyResolution.targets(80,5): message :       GetReferenceAssemblyPaths;
       C:\Program Files\dotnet\sdk\9.0.302\Sdks\Microsoft.NET.Sdk\targets\Microsoft.PackageDependencyResolution.targets(80,5): message :       PrepareForBuild;
       C:\Program Files\dotnet\sdk\9.0.302\Sdks\Microsoft.NET.Sdk\targets\Microsoft.PackageDependencyResolution.targets(80,5): message :       ResolveSDKReferences;
       C:\Program Files\dotnet\sdk\9.0.302\Sdks\Microsoft.NET.Sdk\targets\Microsoft.PackageDependencyResolution.targets(80,5): message :       ExpandSDKReferences;
       C:\Program Files\dotnet\sdk\9.0.302\Sdks\Microsoft.NET.Sdk\targets\Microsoft.PackageDependencyResolution.targets(80,5): message :     ;
       C:\Program Files\dotnet\sdk\9.0.302\Sdks\Microsoft.NET.Sdk\targets\Microsoft.PackageDependencyResolution.targets(80,5): message :       ResolvePackageDependenciesForBuild;
       C:\Program Files\dotnet\sdk\9.0.302\Sdks\Microsoft.NET.Sdk\targets\Microsoft.PackageDependencyResolution.targets(80,5): message :       _HandlePackageFileConflicts;
       C:\Program Files\dotnet\sdk\9.0.302\Sdks\Microsoft.NET.Sdk\targets\Microsoft.PackageDependencyResolution.targets(80,5): message :     "(이전 값: "
       C:\Program Files\dotnet\sdk\9.0.302\Sdks\Microsoft.NET.Sdk\targets\Microsoft.PackageDependencyResolution.targets(80,5): message :       ResolveProjectReferences;
       C:\Program Files\dotnet\sdk\9.0.302\Sdks\Microsoft.NET.Sdk\targets\Microsoft.PackageDependencyResolution.targets(80,5): message :       FindInvalidProjectReferences;
       C:\Program Files\dotnet\sdk\9.0.302\Sdks\Microsoft.NET.Sdk\targets\Microsoft.PackageDependencyResolution.targets(80,5): message :       GetFrameworkPaths;
       C:\Program Files\dotnet\sdk\9.0.302\Sdks\Microsoft.NET.Sdk\targets\Microsoft.PackageDependencyResolution.targets(80,5): message :       GetReferenceAssemblyPaths;
       C:\Program Files\dotnet\sdk\9.0.302\Sdks\Microsoft.NET.Sdk\targets\Microsoft.PackageDependencyResolution.targets(80,5): message :       PrepareForBuild;
       C:\Program Files\dotnet\sdk\9.0.302\Sdks\Microsoft.NET.Sdk\targets\Microsoft.PackageDependencyResolution.targets(80,5): message :       ResolveSDKReferences;
       C:\Program Files\dotnet\sdk\9.0.302\Sdks\Microsoft.NET.Sdk\targets\Microsoft.PackageDependencyResolution.targets(80,5): message :       ExpandSDKReferences;
       C:\Program Files\dotnet\sdk\9.0.302\Sdks\Microsoft.NET.Sdk\targets\Microsoft.PackageDependencyResolution.targets(80,5): message :     ")
       C:\Program Files\dotnet\sdk\9.0.302\Sdks\Microsoft.NET.Sdk\targets\Microsoft.PackageDependencyResolution.targets(86,5): message : 속성 재할당: $(PrepareResourcesDependsOn)=C:\Program Files\dotnet\sdk\9.0.302\Sdks\Microsoft.NET.Sdk\targets\Microsoft.PackageDependencyResolution.targets (86,5)의 "
       C:\Program Files\dotnet\sdk\9.0.302\Sdks\Microsoft.NET.Sdk\targets\Microsoft.PackageDependencyResolution.targets(86,5): message :       ResolvePackageDependenciesForBuild;
       C:\Program Files\dotnet\sdk\9.0.302\Sdks\Microsoft.NET.Sdk\targets\Microsoft.PackageDependencyResolution.targets(86,5): message :       _HandlePackageFileConflicts;
       C:\Program Files\dotnet\sdk\9.0.302\Sdks\Microsoft.NET.Sdk\targets\Microsoft.PackageDependencyResolution.targets(86,5): message :       
       C:\Program Files\dotnet\sdk\9.0.302\Sdks\Microsoft.NET.Sdk\targets\Microsoft.PackageDependencyResolution.targets(86,5): message :       ;
       C:\Program Files\dotnet\sdk\9.0.302\Sdks\Microsoft.NET.Sdk\targets\Microsoft.PackageDependencyResolution.targets(86,5): message :       PrepareResourceNames;
       C:\Program Files\dotnet\sdk\9.0.302\Sdks\Microsoft.NET.Sdk\targets\Microsoft.PackageDependencyResolution.targets(86,5): message :       ResGen;
       C:\Program Files\dotnet\sdk\9.0.302\Sdks\Microsoft.NET.Sdk\targets\Microsoft.PackageDependencyResolution.targets(86,5): message :       CompileLicxFiles
       C:\Program Files\dotnet\sdk\9.0.302\Sdks\Microsoft.NET.Sdk\targets\Microsoft.PackageDependencyResolution.targets(86,5): message :     
       C:\Program Files\dotnet\sdk\9.0.302\Sdks\Microsoft.NET.Sdk\targets\Microsoft.PackageDependencyResolution.targets(86,5): message :     "(이전 값: "
       C:\Program Files\dotnet\sdk\9.0.302\Sdks\Microsoft.NET.Sdk\targets\Microsoft.PackageDependencyResolution.targets(86,5): message :       ;
       C:\Program Files\dotnet\sdk\9.0.302\Sdks\Microsoft.NET.Sdk\targets\Microsoft.PackageDependencyResolution.targets(86,5): message :       PrepareResourceNames;
       C:\Program Files\dotnet\sdk\9.0.302\Sdks\Microsoft.NET.Sdk\targets\Microsoft.PackageDependencyResolution.targets(86,5): message :       ResGen;
       C:\Program Files\dotnet\sdk\9.0.302\Sdks\Microsoft.NET.Sdk\targets\Microsoft.PackageDependencyResolution.targets(86,5): message :       CompileLicxFiles
       C:\Program Files\dotnet\sdk\9.0.302\Sdks\Microsoft.NET.Sdk\targets\Microsoft.PackageDependencyResolution.targets(86,5): message :     ")
       C:\Program Files\dotnet\sdk\9.0.302\Sdks\Microsoft.NET.Sdk\targets\Microsoft.NET.Sdk.DefaultItems.targets(27,5): message : 속성 재할당: $(DefaultItemExcludes)=C:\Program Files\dotnet\sdk\9.0.302\Sdks\Microsoft.NET.Sdk\targets\Microsoft.NET.Sdk.DefaultItems.targets (27,5)의 ";Temp\bin\Debug\/**;Temp\obj\\Assembly-CSharp\/**;bin\/**"(이전 값: ";Temp\bin\Debug\/**;Temp\obj\\Assembly-CSharp\/**")
       C:\Program Files\dotnet\sdk\9.0.302\Sdks\Microsoft.NET.Sdk\targets\Microsoft.NET.Sdk.DefaultItems.targets(29,5): message : 속성 재할당: $(DefaultItemExcludes)=C:\Program Files\dotnet\sdk\9.0.302\Sdks\Microsoft.NET.Sdk\targets\Microsoft.NET.Sdk.DefaultItems.targets (29,5)의 ";Temp\bin\Debug\/**;Temp\obj\\Assembly-CSharp\/**;bin\/**;Temp\obj\\Assembly-CSharp\/**"(이전 값: ";Temp\bin\Debug\/**;Temp\obj\\Assembly-CSharp\/**;bin\/**")
       C:\Program Files\dotnet\sdk\9.0.302\Sdks\Microsoft.NET.Sdk\targets\Microsoft.NET.Sdk.DefaultItems.targets(32,5): message : 속성 재할당: $(DefaultItemExcludes)=C:\Program Files\dotnet\sdk\9.0.302\Sdks\Microsoft.NET.Sdk\targets\Microsoft.NET.Sdk.DefaultItems.targets (32,5)의 ";Temp\bin\Debug\/**;Temp\obj\\Assembly-CSharp\/**;bin\/**;Temp\obj\\Assembly-CSharp\/**;**/*.user"(이전 값: ";Temp\bin\Debug\/**;Temp\obj\\Assembly-CSharp\/**;bin\/**;Temp\obj\\Assembly-CSharp\/**")
       C:\Program Files\dotnet\sdk\9.0.302\Sdks\Microsoft.NET.Sdk\targets\Microsoft.NET.Sdk.DefaultItems.targets(33,5): message : 속성 재할당: $(DefaultItemExcludes)=C:\Program Files\dotnet\sdk\9.0.302\Sdks\Microsoft.NET.Sdk\targets\Microsoft.NET.Sdk.DefaultItems.targets (33,5)의 ";Temp\bin\Debug\/**;Temp\obj\\Assembly-CSharp\/**;bin\/**;Temp\obj\\Assembly-CSharp\/**;**/*.user;**/*.*proj"(이전 값: ";Temp\bin\Debug\/**;Temp\obj\\Assembly-CSharp\/**;bin\/**;Temp\obj\\Assembly-CSharp\/**;**/*.user")
       C:\Program Files\dotnet\sdk\9.0.302\Sdks\Microsoft.NET.Sdk\targets\Microsoft.NET.Sdk.DefaultItems.targets(34,5): message : 속성 재할당: $(DefaultItemExcludes)=C:\Program Files\dotnet\sdk\9.0.302\Sdks\Microsoft.NET.Sdk\targets\Microsoft.NET.Sdk.DefaultItems.targets (34,5)의 ";Temp\bin\Debug\/**;Temp\obj\\Assembly-CSharp\/**;bin\/**;Temp\obj\\Assembly-CSharp\/**;**/*.user;**/*.*proj;**/*.sln"(이전 값: ";Temp\bin\Debug\/**;Temp\obj\\Assembly-CSharp\/**;bin\/**;Temp\obj\\Assembly-CSharp\/**;**/*.user;**/*.*proj")
       C:\Program Files\dotnet\sdk\9.0.302\Sdks\Microsoft.NET.Sdk\targets\Microsoft.NET.Sdk.DefaultItems.targets(35,5): message : 속성 재할당: $(DefaultItemExcludes)=C:\Program Files\dotnet\sdk\9.0.302\Sdks\Microsoft.NET.Sdk\targets\Microsoft.NET.Sdk.DefaultItems.targets (35,5)의 ";Temp\bin\Debug\/**;Temp\obj\\Assembly-CSharp\/**;bin\/**;Temp\obj\\Assembly-CSharp\/**;**/*.user;**/*.*proj;**/*.sln;**/*.slnx"(이전 값: ";Temp\bin\Debug\/**;Temp\obj\\Assembly-CSharp\/**;bin\/**;Temp\obj\\Assembly-CSharp\/**;**/*.user;**/*.*proj;**/*.sln")
       C:\Program Files\dotnet\sdk\9.0.302\Sdks\Microsoft.NET.Sdk\targets\Microsoft.NET.Sdk.DefaultItems.targets(36,5): message : 속성 재할당: $(DefaultItemExcludes)=C:\Program Files\dotnet\sdk\9.0.302\Sdks\Microsoft.NET.Sdk\targets\Microsoft.NET.Sdk.DefaultItems.targets (36,5)의 ";Temp\bin\Debug\/**;Temp\obj\\Assembly-CSharp\/**;bin\/**;Temp\obj\\Assembly-CSharp\/**;**/*.user;**/*.*proj;**/*.sln;**/*.slnx;**/*.vssscc"(이전 값: ";Temp\bin\Debug\/**;Temp\obj\\Assembly-CSharp\/**;bin\/**;Temp\obj\\Assembly-CSharp\/**;**/*.user;**/*.*proj;**/*.sln;**/*.slnx")
       C:\Program Files\dotnet\sdk\9.0.302\Sdks\Microsoft.NET.Sdk\targets\Microsoft.NET.Sdk.DefaultItems.targets(37,5): message : 속성 재할당: $(DefaultItemExcludes)=C:\Program Files\dotnet\sdk\9.0.302\Sdks\Microsoft.NET.Sdk\targets\Microsoft.NET.Sdk.DefaultItems.targets (37,5)의 ";Temp\bin\Debug\/**;Temp\obj\\Assembly-CSharp\/**;bin\/**;Temp\obj\\Assembly-CSharp\/**;**/*.user;**/*.*proj;**/*.sln;**/*.slnx;**/*.vssscc;**/.DS_Store"(이전 값: ";Temp\bin\Debug\/**;Temp\obj\\Assembly-CSharp\/**;bin\/**;Temp\obj\\Assembly-CSharp\/**;**/*.user;**/*.*proj;**/*.sln;**/*.slnx;**/*.vssscc")
       C:\Program Files\dotnet\sdk\9.0.302\Sdks\Microsoft.NET.Sdk\targets\Microsoft.NET.Sdk.FrameworkReferenceResolution.targets(14,5): message : 속성 재할당: $(ResolveAssemblyReferencesDependsOn)=C:\Program Files\dotnet\sdk\9.0.302\Sdks\Microsoft.NET.Sdk\targets\Microsoft.NET.Sdk.FrameworkReferenceResolution.targets (14,5)의 "
       C:\Program Files\dotnet\sdk\9.0.302\Sdks\Microsoft.NET.Sdk\targets\Microsoft.NET.Sdk.FrameworkReferenceResolution.targets(14,5): message :       
       C:\Program Files\dotnet\sdk\9.0.302\Sdks\Microsoft.NET.Sdk\targets\Microsoft.NET.Sdk.FrameworkReferenceResolution.targets(14,5): message :       
       C:\Program Files\dotnet\sdk\9.0.302\Sdks\Microsoft.NET.Sdk\targets\Microsoft.NET.Sdk.FrameworkReferenceResolution.targets(14,5): message :       ResolveProjectReferences;
       C:\Program Files\dotnet\sdk\9.0.302\Sdks\Microsoft.NET.Sdk\targets\Microsoft.NET.Sdk.FrameworkReferenceResolution.targets(14,5): message :       FindInvalidProjectReferences;
       C:\Program Files\dotnet\sdk\9.0.302\Sdks\Microsoft.NET.Sdk\targets\Microsoft.NET.Sdk.FrameworkReferenceResolution.targets(14,5): message :       GetFrameworkPaths;
       C:\Program Files\dotnet\sdk\9.0.302\Sdks\Microsoft.NET.Sdk\targets\Microsoft.NET.Sdk.FrameworkReferenceResolution.targets(14,5): message :       GetReferenceAssemblyPaths;
       C:\Program Files\dotnet\sdk\9.0.302\Sdks\Microsoft.NET.Sdk\targets\Microsoft.NET.Sdk.FrameworkReferenceResolution.targets(14,5): message :       PrepareForBuild;
       C:\Program Files\dotnet\sdk\9.0.302\Sdks\Microsoft.NET.Sdk\targets\Microsoft.NET.Sdk.FrameworkReferenceResolution.targets(14,5): message :       ResolveSDKReferences;
       C:\Program Files\dotnet\sdk\9.0.302\Sdks\Microsoft.NET.Sdk\targets\Microsoft.NET.Sdk.FrameworkReferenceResolution.targets(14,5): message :       ExpandSDKReferences;
       C:\Program Files\dotnet\sdk\9.0.302\Sdks\Microsoft.NET.Sdk\targets\Microsoft.NET.Sdk.FrameworkReferenceResolution.targets(14,5): message :     ;
       C:\Program Files\dotnet\sdk\9.0.302\Sdks\Microsoft.NET.Sdk\targets\Microsoft.NET.Sdk.FrameworkReferenceResolution.targets(14,5): message :       ResolvePackageDependenciesForBuild;
       C:\Program Files\dotnet\sdk\9.0.302\Sdks\Microsoft.NET.Sdk\targets\Microsoft.NET.Sdk.FrameworkReferenceResolution.targets(14,5): message :       _HandlePackageFileConflicts;
       C:\Program Files\dotnet\sdk\9.0.302\Sdks\Microsoft.NET.Sdk\targets\Microsoft.NET.Sdk.FrameworkReferenceResolution.targets(14,5): message :     ;
       C:\Program Files\dotnet\sdk\9.0.302\Sdks\Microsoft.NET.Sdk\targets\Microsoft.NET.Sdk.FrameworkReferenceResolution.targets(14,5): message :       ResolveTargetingPackAssets;
       C:\Program Files\dotnet\sdk\9.0.302\Sdks\Microsoft.NET.Sdk\targets\Microsoft.NET.Sdk.FrameworkReferenceResolution.targets(14,5): message :     "(이전 값: "
       C:\Program Files\dotnet\sdk\9.0.302\Sdks\Microsoft.NET.Sdk\targets\Microsoft.NET.Sdk.FrameworkReferenceResolution.targets(14,5): message :       
       C:\Program Files\dotnet\sdk\9.0.302\Sdks\Microsoft.NET.Sdk\targets\Microsoft.NET.Sdk.FrameworkReferenceResolution.targets(14,5): message :       ResolveProjectReferences;
       C:\Program Files\dotnet\sdk\9.0.302\Sdks\Microsoft.NET.Sdk\targets\Microsoft.NET.Sdk.FrameworkReferenceResolution.targets(14,5): message :       FindInvalidProjectReferences;
       C:\Program Files\dotnet\sdk\9.0.302\Sdks\Microsoft.NET.Sdk\targets\Microsoft.NET.Sdk.FrameworkReferenceResolution.targets(14,5): message :       GetFrameworkPaths;
       C:\Program Files\dotnet\sdk\9.0.302\Sdks\Microsoft.NET.Sdk\targets\Microsoft.NET.Sdk.FrameworkReferenceResolution.targets(14,5): message :       GetReferenceAssemblyPaths;
       C:\Program Files\dotnet\sdk\9.0.302\Sdks\Microsoft.NET.Sdk\targets\Microsoft.NET.Sdk.FrameworkReferenceResolution.targets(14,5): message :       PrepareForBuild;
       C:\Program Files\dotnet\sdk\9.0.302\Sdks\Microsoft.NET.Sdk\targets\Microsoft.NET.Sdk.FrameworkReferenceResolution.targets(14,5): message :       ResolveSDKReferences;
       C:\Program Files\dotnet\sdk\9.0.302\Sdks\Microsoft.NET.Sdk\targets\Microsoft.NET.Sdk.FrameworkReferenceResolution.targets(14,5): message :       ExpandSDKReferences;
       C:\Program Files\dotnet\sdk\9.0.302\Sdks\Microsoft.NET.Sdk\targets\Microsoft.NET.Sdk.FrameworkReferenceResolution.targets(14,5): message :     ;
       C:\Program Files\dotnet\sdk\9.0.302\Sdks\Microsoft.NET.Sdk\targets\Microsoft.NET.Sdk.FrameworkReferenceResolution.targets(14,5): message :       ResolvePackageDependenciesForBuild;
       C:\Program Files\dotnet\sdk\9.0.302\Sdks\Microsoft.NET.Sdk\targets\Microsoft.NET.Sdk.FrameworkReferenceResolution.targets(14,5): message :       _HandlePackageFileConflicts;
       C:\Program Files\dotnet\sdk\9.0.302\Sdks\Microsoft.NET.Sdk\targets\Microsoft.NET.Sdk.FrameworkReferenceResolution.targets(14,5): message :     ")
       C:\Program Files\dotnet\sdk\9.0.302\Sdks\Microsoft.NET.Sdk\targets\Microsoft.NET.Sdk.targets(44,5): message : 속성 재할당: $(_GenerateRuntimeConfigurationPropertyInputsCache)=C:\Program Files\dotnet\sdk\9.0.302\Sdks\Microsoft.NET.Sdk\targets\Microsoft.NET.Sdk.targets (44,5)의 "D:\GitRepo\SUMMONER_Refactor\Workpiece\Summoner\Temp\obj\Assembly-CSharp\Assembly-CSharp.genruntimeconfig.cache"(이전 값: "Temp\obj\\Assembly-CSharp\Assembly-CSharp.genruntimeconfig.cache")
       C:\Program Files\dotnet\sdk\9.0.302\Sdks\Microsoft.NET.Sdk\targets\Microsoft.NET.Sdk.targets(46,5): message : 속성 재할당: $(_GeneratePublishDependencyFilePropertyInputsCache)=C:\Program Files\dotnet\sdk\9.0.302\Sdks\Microsoft.NET.Sdk\targets\Microsoft.NET.Sdk.targets (46,5)의 "D:\GitRepo\SUMMONER_Refactor\Workpiece\Summoner\Temp\obj\Assembly-CSharp\Assembly-CSharp.genpublishdeps.cache"(이전 값: "Temp\obj\\Assembly-CSharp\Assembly-CSharp.genpublishdeps.cache")
       C:\Program Files\dotnet\sdk\9.0.302\Sdks\Microsoft.NET.Sdk\targets\Microsoft.NET.Sdk.targets(48,5): message : 속성 재할당: $(_GenerateSingleFileBundlePropertyInputsCache)=C:\Program Files\dotnet\sdk\9.0.302\Sdks\Microsoft.NET.Sdk\targets\Microsoft.NET.Sdk.targets (48,5)의 "D:\GitRepo\SUMMONER_Refactor\Workpiece\Summoner\Temp\obj\Assembly-CSharp\Assembly-CSharp.genbundle.cache"(이전 값: "Temp\obj\\Assembly-CSharp\Assembly-CSharp.genbundle.cache")
       C:\Program Files\dotnet\sdk\9.0.302\Sdks\Microsoft.NET.Sdk\targets\Microsoft.NET.Sdk.targets(97,5): message : 환경에서 값이 'USERPROFILE'인 속성 'C:\Users\rudgn'이(가) 확장되었습니다.
       C:\Program Files\dotnet\sdk\9.0.302\Sdks\Microsoft.NET.Sdk\targets\Microsoft.NET.Sdk.targets(97,5): message : 속성 재할당: $(_DefaultUserProfileRuntimeStorePath)=C:\Program Files\dotnet\sdk\9.0.302\Sdks\Microsoft.NET.Sdk\targets\Microsoft.NET.Sdk.targets (97,5)의 "C:\Users\rudgn"(이전 값: "")
       C:\Program Files\dotnet\sdk\9.0.302\Sdks\Microsoft.NET.Sdk\targets\Microsoft.NET.Sdk.targets(98,5): message : 속성 재할당: $(_DefaultUserProfileRuntimeStorePath)=C:\Program Files\dotnet\sdk\9.0.302\Sdks\Microsoft.NET.Sdk\targets\Microsoft.NET.Sdk.targets (98,5)의 "C:\Users\rudgn\.dotnet\store"(이전 값: "C:\Users\rudgn")
       C:\Program Files\dotnet\sdk\9.0.302\Sdks\Microsoft.NET.Sdk\targets\Microsoft.NET.Sdk.targets(201,5): message : 속성 재할당: $(CoreBuildDependsOn)=C:\Program Files\dotnet\sdk\9.0.302\Sdks\Microsoft.NET.Sdk\targets\Microsoft.NET.Sdk.targets (201,5)의 "
       C:\Program Files\dotnet\sdk\9.0.302\Sdks\Microsoft.NET.Sdk\targets\Microsoft.NET.Sdk.targets(201,5): message :       _CheckForBuildWithNoBuild;
       C:\Program Files\dotnet\sdk\9.0.302\Sdks\Microsoft.NET.Sdk\targets\Microsoft.NET.Sdk.targets(201,5): message :       
       C:\Program Files\dotnet\sdk\9.0.302\Sdks\Microsoft.NET.Sdk\targets\Microsoft.NET.Sdk.targets(201,5): message :       BuildOnlySettings;
       C:\Program Files\dotnet\sdk\9.0.302\Sdks\Microsoft.NET.Sdk\targets\Microsoft.NET.Sdk.targets(201,5): message :       PrepareForBuild;
       C:\Program Files\dotnet\sdk\9.0.302\Sdks\Microsoft.NET.Sdk\targets\Microsoft.NET.Sdk.targets(201,5): message :       PreBuildEvent;
       C:\Program Files\dotnet\sdk\9.0.302\Sdks\Microsoft.NET.Sdk\targets\Microsoft.NET.Sdk.targets(201,5): message :       ResolveReferences;
       C:\Program Files\dotnet\sdk\9.0.302\Sdks\Microsoft.NET.Sdk\targets\Microsoft.NET.Sdk.targets(201,5): message :       PrepareResources;
       C:\Program Files\dotnet\sdk\9.0.302\Sdks\Microsoft.NET.Sdk\targets\Microsoft.NET.Sdk.targets(201,5): message :       ResolveKeySource;
       C:\Program Files\dotnet\sdk\9.0.302\Sdks\Microsoft.NET.Sdk\targets\Microsoft.NET.Sdk.targets(201,5): message :       Compile;
       C:\Program Files\dotnet\sdk\9.0.302\Sdks\Microsoft.NET.Sdk\targets\Microsoft.NET.Sdk.targets(201,5): message :       ExportWindowsMDFile;
       C:\Program Files\dotnet\sdk\9.0.302\Sdks\Microsoft.NET.Sdk\targets\Microsoft.NET.Sdk.targets(201,5): message :       UnmanagedUnregistration;
       C:\Program Files\dotnet\sdk\9.0.302\Sdks\Microsoft.NET.Sdk\targets\Microsoft.NET.Sdk.targets(201,5): message :       GenerateSerializationAssemblies;
       C:\Program Files\dotnet\sdk\9.0.302\Sdks\Microsoft.NET.Sdk\targets\Microsoft.NET.Sdk.targets(201,5): message :       CreateSatelliteAssemblies;
       C:\Program Files\dotnet\sdk\9.0.302\Sdks\Microsoft.NET.Sdk\targets\Microsoft.NET.Sdk.targets(201,5): message :       GenerateManifests;
       C:\Program Files\dotnet\sdk\9.0.302\Sdks\Microsoft.NET.Sdk\targets\Microsoft.NET.Sdk.targets(201,5): message :       GetTargetPath;
       C:\Program Files\dotnet\sdk\9.0.302\Sdks\Microsoft.NET.Sdk\targets\Microsoft.NET.Sdk.targets(201,5): message :       PrepareForRun;
       C:\Program Files\dotnet\sdk\9.0.302\Sdks\Microsoft.NET.Sdk\targets\Microsoft.NET.Sdk.targets(201,5): message :       UnmanagedRegistration;
       C:\Program Files\dotnet\sdk\9.0.302\Sdks\Microsoft.NET.Sdk\targets\Microsoft.NET.Sdk.targets(201,5): message :       IncrementalClean;
       C:\Program Files\dotnet\sdk\9.0.302\Sdks\Microsoft.NET.Sdk\targets\Microsoft.NET.Sdk.targets(201,5): message :       PostBuildEvent
       C:\Program Files\dotnet\sdk\9.0.302\Sdks\Microsoft.NET.Sdk\targets\Microsoft.NET.Sdk.targets(201,5): message :     ;
       C:\Program Files\dotnet\sdk\9.0.302\Sdks\Microsoft.NET.Sdk\targets\Microsoft.NET.Sdk.targets(201,5): message :       GenerateBuildDependencyFile;
       C:\Program Files\dotnet\sdk\9.0.302\Sdks\Microsoft.NET.Sdk\targets\Microsoft.NET.Sdk.targets(201,5): message :       GenerateBuildRuntimeConfigurationFiles
       C:\Program Files\dotnet\sdk\9.0.302\Sdks\Microsoft.NET.Sdk\targets\Microsoft.NET.Sdk.targets(201,5): message :     "(이전 값: "
       C:\Program Files\dotnet\sdk\9.0.302\Sdks\Microsoft.NET.Sdk\targets\Microsoft.NET.Sdk.targets(201,5): message :       BuildOnlySettings;
       C:\Program Files\dotnet\sdk\9.0.302\Sdks\Microsoft.NET.Sdk\targets\Microsoft.NET.Sdk.targets(201,5): message :       PrepareForBuild;
       C:\Program Files\dotnet\sdk\9.0.302\Sdks\Microsoft.NET.Sdk\targets\Microsoft.NET.Sdk.targets(201,5): message :       PreBuildEvent;
       C:\Program Files\dotnet\sdk\9.0.302\Sdks\Microsoft.NET.Sdk\targets\Microsoft.NET.Sdk.targets(201,5): message :       ResolveReferences;
       C:\Program Files\dotnet\sdk\9.0.302\Sdks\Microsoft.NET.Sdk\targets\Microsoft.NET.Sdk.targets(201,5): message :       PrepareResources;
       C:\Program Files\dotnet\sdk\9.0.302\Sdks\Microsoft.NET.Sdk\targets\Microsoft.NET.Sdk.targets(201,5): message :       ResolveKeySource;
       C:\Program Files\dotnet\sdk\9.0.302\Sdks\Microsoft.NET.Sdk\targets\Microsoft.NET.Sdk.targets(201,5): message :       Compile;
       C:\Program Files\dotnet\sdk\9.0.302\Sdks\Microsoft.NET.Sdk\targets\Microsoft.NET.Sdk.targets(201,5): message :       ExportWindowsMDFile;
       C:\Program Files\dotnet\sdk\9.0.302\Sdks\Microsoft.NET.Sdk\targets\Microsoft.NET.Sdk.targets(201,5): message :       UnmanagedUnregistration;
       C:\Program Files\dotnet\sdk\9.0.302\Sdks\Microsoft.NET.Sdk\targets\Microsoft.NET.Sdk.targets(201,5): message :       GenerateSerializationAssemblies;
       C:\Program Files\dotnet\sdk\9.0.302\Sdks\Microsoft.NET.Sdk\targets\Microsoft.NET.Sdk.targets(201,5): message :       CreateSatelliteAssemblies;
       C:\Program Files\dotnet\sdk\9.0.302\Sdks\Microsoft.NET.Sdk\targets\Microsoft.NET.Sdk.targets(201,5): message :       GenerateManifests;
       C:\Program Files\dotnet\sdk\9.0.302\Sdks\Microsoft.NET.Sdk\targets\Microsoft.NET.Sdk.targets(201,5): message :       GetTargetPath;
       C:\Program Files\dotnet\sdk\9.0.302\Sdks\Microsoft.NET.Sdk\targets\Microsoft.NET.Sdk.targets(201,5): message :       PrepareForRun;
       C:\Program Files\dotnet\sdk\9.0.302\Sdks\Microsoft.NET.Sdk\targets\Microsoft.NET.Sdk.targets(201,5): message :       UnmanagedRegistration;
       C:\Program Files\dotnet\sdk\9.0.302\Sdks\Microsoft.NET.Sdk\targets\Microsoft.NET.Sdk.targets(201,5): message :       IncrementalClean;
       C:\Program Files\dotnet\sdk\9.0.302\Sdks\Microsoft.NET.Sdk\targets\Microsoft.NET.Sdk.targets(201,5): message :       PostBuildEvent
       C:\Program Files\dotnet\sdk\9.0.302\Sdks\Microsoft.NET.Sdk\targets\Microsoft.NET.Sdk.targets(201,5): message :     ")
       C:\Program Files\dotnet\sdk\9.0.302\Sdks\Microsoft.NET.Sdk\targets\Microsoft.NET.Sdk.targets(210,5): message : 속성 재할당: $(CoreCleanDependsOn)=C:\Program Files\dotnet\sdk\9.0.302\Sdks\Microsoft.NET.Sdk\targets\Microsoft.NET.Sdk.targets (210,5)의 "
       C:\Program Files\dotnet\sdk\9.0.302\Sdks\Microsoft.NET.Sdk\targets\Microsoft.NET.Sdk.targets(210,5): message :       _SdkBeforeClean;
       C:\Program Files\dotnet\sdk\9.0.302\Sdks\Microsoft.NET.Sdk\targets\Microsoft.NET.Sdk.targets(210,5): message :       
       C:\Program Files\dotnet\sdk\9.0.302\Sdks\Microsoft.NET.Sdk\targets\Microsoft.NET.Sdk.targets(210,5): message :     "(이전 값: "")
       C:\Program Files\dotnet\sdk\9.0.302\Sdks\Microsoft.NET.Sdk\targets\Microsoft.NET.Sdk.targets(217,5): message : 속성 재할당: $(RebuildDependsOn)=C:\Program Files\dotnet\sdk\9.0.302\Sdks\Microsoft.NET.Sdk\targets\Microsoft.NET.Sdk.targets (217,5)의 "
       C:\Program Files\dotnet\sdk\9.0.302\Sdks\Microsoft.NET.Sdk\targets\Microsoft.NET.Sdk.targets(217,5): message :       _SdkBeforeRebuild;
       C:\Program Files\dotnet\sdk\9.0.302\Sdks\Microsoft.NET.Sdk\targets\Microsoft.NET.Sdk.targets(217,5): message :       
       C:\Program Files\dotnet\sdk\9.0.302\Sdks\Microsoft.NET.Sdk\targets\Microsoft.NET.Sdk.targets(217,5): message :       BeforeRebuild;
       C:\Program Files\dotnet\sdk\9.0.302\Sdks\Microsoft.NET.Sdk\targets\Microsoft.NET.Sdk.targets(217,5): message :       Clean;
       C:\Program Files\dotnet\sdk\9.0.302\Sdks\Microsoft.NET.Sdk\targets\Microsoft.NET.Sdk.targets(217,5): message :       Build;
       C:\Program Files\dotnet\sdk\9.0.302\Sdks\Microsoft.NET.Sdk\targets\Microsoft.NET.Sdk.targets(217,5): message :       AfterRebuild;
       C:\Program Files\dotnet\sdk\9.0.302\Sdks\Microsoft.NET.Sdk\targets\Microsoft.NET.Sdk.targets(217,5): message :     
       C:\Program Files\dotnet\sdk\9.0.302\Sdks\Microsoft.NET.Sdk\targets\Microsoft.NET.Sdk.targets(217,5): message :     "(이전 값: "
       C:\Program Files\dotnet\sdk\9.0.302\Sdks\Microsoft.NET.Sdk\targets\Microsoft.NET.Sdk.targets(217,5): message :       BeforeRebuild;
       C:\Program Files\dotnet\sdk\9.0.302\Sdks\Microsoft.NET.Sdk\targets\Microsoft.NET.Sdk.targets(217,5): message :       Clean;
       C:\Program Files\dotnet\sdk\9.0.302\Sdks\Microsoft.NET.Sdk\targets\Microsoft.NET.Sdk.targets(217,5): message :       Build;
       C:\Program Files\dotnet\sdk\9.0.302\Sdks\Microsoft.NET.Sdk\targets\Microsoft.NET.Sdk.targets(217,5): message :       AfterRebuild;
       C:\Program Files\dotnet\sdk\9.0.302\Sdks\Microsoft.NET.Sdk\targets\Microsoft.NET.Sdk.targets(217,5): message :     ")
       C:\Program Files\dotnet\sdk\9.0.302\Sdks\Microsoft.NET.Sdk\targets\Microsoft.NET.Sdk.targets(784,5): message : 속성 재할당: $(CompileDependsOn)=C:\Program Files\dotnet\sdk\9.0.302\Sdks\Microsoft.NET.Sdk\targets\Microsoft.NET.Sdk.targets (784,5)의 "
       C:\Program Files\dotnet\sdk\9.0.302\Sdks\Microsoft.NET.Sdk\targets\Microsoft.NET.Sdk.targets(784,5): message :       
       C:\Program Files\dotnet\sdk\9.0.302\Sdks\Microsoft.NET.Sdk\targets\Microsoft.NET.Sdk.targets(784,5): message :       ResolveReferences;
       C:\Program Files\dotnet\sdk\9.0.302\Sdks\Microsoft.NET.Sdk\targets\Microsoft.NET.Sdk.targets(784,5): message :       ResolveKeySource;
       C:\Program Files\dotnet\sdk\9.0.302\Sdks\Microsoft.NET.Sdk\targets\Microsoft.NET.Sdk.targets(784,5): message :       SetWin32ManifestProperties;
       C:\Program Files\dotnet\sdk\9.0.302\Sdks\Microsoft.NET.Sdk\targets\Microsoft.NET.Sdk.targets(784,5): message :       _SetPreferNativeArm64Win32ManifestProperties;
       C:\Program Files\dotnet\sdk\9.0.302\Sdks\Microsoft.NET.Sdk\targets\Microsoft.NET.Sdk.targets(784,5): message :       FindReferenceAssembliesForReferences;
       C:\Program Files\dotnet\sdk\9.0.302\Sdks\Microsoft.NET.Sdk\targets\Microsoft.NET.Sdk.targets(784,5): message :       _GenerateCompileInputs;
       C:\Program Files\dotnet\sdk\9.0.302\Sdks\Microsoft.NET.Sdk\targets\Microsoft.NET.Sdk.targets(784,5): message :       BeforeCompile;
       C:\Program Files\dotnet\sdk\9.0.302\Sdks\Microsoft.NET.Sdk\targets\Microsoft.NET.Sdk.targets(784,5): message :       _TimeStampBeforeCompile;
       C:\Program Files\dotnet\sdk\9.0.302\Sdks\Microsoft.NET.Sdk\targets\Microsoft.NET.Sdk.targets(784,5): message :       _GenerateCompileDependencyCache;
       C:\Program Files\dotnet\sdk\9.0.302\Sdks\Microsoft.NET.Sdk\targets\Microsoft.NET.Sdk.targets(784,5): message :       CoreCompile;
       C:\Program Files\dotnet\sdk\9.0.302\Sdks\Microsoft.NET.Sdk\targets\Microsoft.NET.Sdk.targets(784,5): message :       _TimeStampAfterCompile;
       C:\Program Files\dotnet\sdk\9.0.302\Sdks\Microsoft.NET.Sdk\targets\Microsoft.NET.Sdk.targets(784,5): message :       AfterCompile;
       C:\Program Files\dotnet\sdk\9.0.302\Sdks\Microsoft.NET.Sdk\targets\Microsoft.NET.Sdk.targets(784,5): message :     ;
       C:\Program Files\dotnet\sdk\9.0.302\Sdks\Microsoft.NET.Sdk\targets\Microsoft.NET.Sdk.targets(784,5): message :       _CreateAppHost;
       C:\Program Files\dotnet\sdk\9.0.302\Sdks\Microsoft.NET.Sdk\targets\Microsoft.NET.Sdk.targets(784,5): message :       _CreateComHost;
       C:\Program Files\dotnet\sdk\9.0.302\Sdks\Microsoft.NET.Sdk\targets\Microsoft.NET.Sdk.targets(784,5): message :       _GetIjwHostPaths;
       C:\Program Files\dotnet\sdk\9.0.302\Sdks\Microsoft.NET.Sdk\targets\Microsoft.NET.Sdk.targets(784,5): message :     "(이전 값: "
       C:\Program Files\dotnet\sdk\9.0.302\Sdks\Microsoft.NET.Sdk\targets\Microsoft.NET.Sdk.targets(784,5): message :       ResolveReferences;
       C:\Program Files\dotnet\sdk\9.0.302\Sdks\Microsoft.NET.Sdk\targets\Microsoft.NET.Sdk.targets(784,5): message :       ResolveKeySource;
       C:\Program Files\dotnet\sdk\9.0.302\Sdks\Microsoft.NET.Sdk\targets\Microsoft.NET.Sdk.targets(784,5): message :       SetWin32ManifestProperties;
       C:\Program Files\dotnet\sdk\9.0.302\Sdks\Microsoft.NET.Sdk\targets\Microsoft.NET.Sdk.targets(784,5): message :       _SetPreferNativeArm64Win32ManifestProperties;
       C:\Program Files\dotnet\sdk\9.0.302\Sdks\Microsoft.NET.Sdk\targets\Microsoft.NET.Sdk.targets(784,5): message :       FindReferenceAssembliesForReferences;
       C:\Program Files\dotnet\sdk\9.0.302\Sdks\Microsoft.NET.Sdk\targets\Microsoft.NET.Sdk.targets(784,5): message :       _GenerateCompileInputs;
       C:\Program Files\dotnet\sdk\9.0.302\Sdks\Microsoft.NET.Sdk\targets\Microsoft.NET.Sdk.targets(784,5): message :       BeforeCompile;
       C:\Program Files\dotnet\sdk\9.0.302\Sdks\Microsoft.NET.Sdk\targets\Microsoft.NET.Sdk.targets(784,5): message :       _TimeStampBeforeCompile;
       C:\Program Files\dotnet\sdk\9.0.302\Sdks\Microsoft.NET.Sdk\targets\Microsoft.NET.Sdk.targets(784,5): message :       _GenerateCompileDependencyCache;
       C:\Program Files\dotnet\sdk\9.0.302\Sdks\Microsoft.NET.Sdk\targets\Microsoft.NET.Sdk.targets(784,5): message :       CoreCompile;
       C:\Program Files\dotnet\sdk\9.0.302\Sdks\Microsoft.NET.Sdk\targets\Microsoft.NET.Sdk.targets(784,5): message :       _TimeStampAfterCompile;
       C:\Program Files\dotnet\sdk\9.0.302\Sdks\Microsoft.NET.Sdk\targets\Microsoft.NET.Sdk.targets(784,5): message :       AfterCompile;
       C:\Program Files\dotnet\sdk\9.0.302\Sdks\Microsoft.NET.Sdk\targets\Microsoft.NET.Sdk.targets(784,5): message :     ")
       C:\Program Files\dotnet\sdk\9.0.302\Sdks\Microsoft.NET.Sdk\targets\Microsoft.NET.Sdk.targets(1184,5): message : 속성 재할당: $(CreateSatelliteAssembliesDependsOn)=C:\Program Files\dotnet\sdk\9.0.302\Sdks\Microsoft.NET.Sdk\targets\Microsoft.NET.Sdk.targets (1184,5)의 "
       C:\Program Files\dotnet\sdk\9.0.302\Sdks\Microsoft.NET.Sdk\targets\Microsoft.NET.Sdk.targets(1184,5): message :       
       C:\Program Files\dotnet\sdk\9.0.302\Sdks\Microsoft.NET.Sdk\targets\Microsoft.NET.Sdk.targets(1184,5): message :       ;
       C:\Program Files\dotnet\sdk\9.0.302\Sdks\Microsoft.NET.Sdk\targets\Microsoft.NET.Sdk.targets(1184,5): message :       _GenerateSatelliteAssemblyInputs;
       C:\Program Files\dotnet\sdk\9.0.302\Sdks\Microsoft.NET.Sdk\targets\Microsoft.NET.Sdk.targets(1184,5): message :       ComputeIntermediateSatelliteAssemblies;
       C:\Program Files\dotnet\sdk\9.0.302\Sdks\Microsoft.NET.Sdk\targets\Microsoft.NET.Sdk.targets(1184,5): message :       GenerateSatelliteAssemblies
       C:\Program Files\dotnet\sdk\9.0.302\Sdks\Microsoft.NET.Sdk\targets\Microsoft.NET.Sdk.targets(1184,5): message :     ;
       C:\Program Files\dotnet\sdk\9.0.302\Sdks\Microsoft.NET.Sdk\targets\Microsoft.NET.Sdk.targets(1184,5): message :       CoreGenerateSatelliteAssemblies
       C:\Program Files\dotnet\sdk\9.0.302\Sdks\Microsoft.NET.Sdk\targets\Microsoft.NET.Sdk.targets(1184,5): message :     "(이전 값: "
       C:\Program Files\dotnet\sdk\9.0.302\Sdks\Microsoft.NET.Sdk\targets\Microsoft.NET.Sdk.targets(1184,5): message :       ;
       C:\Program Files\dotnet\sdk\9.0.302\Sdks\Microsoft.NET.Sdk\targets\Microsoft.NET.Sdk.targets(1184,5): message :       _GenerateSatelliteAssemblyInputs;
       C:\Program Files\dotnet\sdk\9.0.302\Sdks\Microsoft.NET.Sdk\targets\Microsoft.NET.Sdk.targets(1184,5): message :       ComputeIntermediateSatelliteAssemblies;
       C:\Program Files\dotnet\sdk\9.0.302\Sdks\Microsoft.NET.Sdk\targets\Microsoft.NET.Sdk.targets(1184,5): message :       GenerateSatelliteAssemblies
       C:\Program Files\dotnet\sdk\9.0.302\Sdks\Microsoft.NET.Sdk\targets\Microsoft.NET.Sdk.targets(1184,5): message :     ")
       C:\Program Files\dotnet\sdk\9.0.302\Sdks\Microsoft.SourceLink.GitLab\build\Microsoft.SourceLink.GitLab.targets(12,5): message : 속성 재할당: $(SourceLinkUrlInitializerTargets)=C:\Program Files\dotnet\sdk\9.0.302\Sdks\Microsoft.SourceLink.GitLab\build\Microsoft.SourceLink.GitLab.targets (12,5)의 ";_InitializeGitHubSourceLinkUrl;_InitializeGitLabSourceLinkUrl"(이전 값: ";_InitializeGitHubSourceLinkUrl")
       C:\Program Files\dotnet\sdk\9.0.302\Sdks\Microsoft.SourceLink.GitLab\build\Microsoft.SourceLink.GitLab.targets(13,5): message : 속성 재할당: $(SourceControlManagerUrlTranslationTargets)=C:\Program Files\dotnet\sdk\9.0.302\Sdks\Microsoft.SourceLink.GitLab\build\Microsoft.SourceLink.GitLab.targets (13,5)의 ";TranslateGitHubUrlsInSourceControlInformation;TranslateGitLabUrlsInSourceControlInformation"(이전 값: ";TranslateGitHubUrlsInSourceControlInformation")
       C:\Program Files\dotnet\sdk\9.0.302\Sdks\Microsoft.SourceLink.AzureRepos.Git\build\Microsoft.SourceLink.AzureRepos.Git.targets(12,5): message : 속성 재할당: $(SourceLinkUrlInitializerTargets)=C:\Program Files\dotnet\sdk\9.0.302\Sdks\Microsoft.SourceLink.AzureRepos.Git\build\Microsoft.SourceLink.AzureRepos.Git.targets (12,5)의 ";_InitializeGitHubSourceLinkUrl;_InitializeGitLabSourceLinkUrl;_InitializeAzureReposGitSourceLinkUrl"(이전 값: ";_InitializeGitHubSourceLinkUrl;_InitializeGitLabSourceLinkUrl")
       C:\Program Files\dotnet\sdk\9.0.302\Sdks\Microsoft.SourceLink.AzureRepos.Git\build\Microsoft.SourceLink.AzureRepos.Git.targets(13,5): message : 속성 재할당: $(SourceControlManagerUrlTranslationTargets)=C:\Program Files\dotnet\sdk\9.0.302\Sdks\Microsoft.SourceLink.AzureRepos.Git\build\Microsoft.SourceLink.AzureRepos.Git.targets (13,5)의 ";TranslateGitHubUrlsInSourceControlInformation;TranslateGitLabUrlsInSourceControlInformation;TranslateAzureReposGitUrlsInSourceControlInformation"(이전 값: ";TranslateGitHubUrlsInSourceControlInformation;TranslateGitLabUrlsInSourceControlInformation")
       C:\Program Files\dotnet\sdk\9.0.302\Sdks\Microsoft.SourceLink.Bitbucket.Git\build\Microsoft.SourceLink.Bitbucket.Git.targets(12,5): message : 속성 재할당: $(SourceLinkUrlInitializerTargets)=C:\Program Files\dotnet\sdk\9.0.302\Sdks\Microsoft.SourceLink.Bitbucket.Git\build\Microsoft.SourceLink.Bitbucket.Git.targets (12,5)의 ";_InitializeGitHubSourceLinkUrl;_InitializeGitLabSourceLinkUrl;_InitializeAzureReposGitSourceLinkUrl;_InitializeBitbucketGitSourceLinkUrl"(이전 값: ";_InitializeGitHubSourceLinkUrl;_InitializeGitLabSourceLinkUrl;_InitializeAzureReposGitSourceLinkUrl")
       C:\Program Files\dotnet\sdk\9.0.302\Sdks\Microsoft.SourceLink.Bitbucket.Git\build\Microsoft.SourceLink.Bitbucket.Git.targets(13,5): message : 속성 재할당: $(SourceControlManagerUrlTranslationTargets)=C:\Program Files\dotnet\sdk\9.0.302\Sdks\Microsoft.SourceLink.Bitbucket.Git\build\Microsoft.SourceLink.Bitbucket.Git.targets (13,5)의 ";TranslateGitHubUrlsInSourceControlInformation;TranslateGitLabUrlsInSourceControlInformation;TranslateAzureReposGitUrlsInSourceControlInformation;TranslateBitbucketGitUrlsInSourceControlInformation"(이전 값: ";TranslateGitHubUrlsInSourceControlInformation;TranslateGitLabUrlsInSourceControlInformation;TranslateAzureReposGitUrlsInSourceControlInformation")
       C:\Program Files\dotnet\sdk\9.0.302\Sdks\Microsoft.NET.Sdk\targets\Microsoft.NET.DesignerSupport.targets(21,5): message : 속성 재할당: $(DesignerRuntimeImplementationProjectOutputGroupDependsOn)=C:\Program Files\dotnet\sdk\9.0.302\Sdks\Microsoft.NET.Sdk\targets\Microsoft.NET.DesignerSupport.targets (21,5)의 "
       C:\Program Files\dotnet\sdk\9.0.302\Sdks\Microsoft.NET.Sdk\targets\Microsoft.NET.DesignerSupport.targets(21,5): message :       
       C:\Program Files\dotnet\sdk\9.0.302\Sdks\Microsoft.NET.Sdk\targets\Microsoft.NET.DesignerSupport.targets(21,5): message :       ;
       C:\Program Files\dotnet\sdk\9.0.302\Sdks\Microsoft.NET.Sdk\targets\Microsoft.NET.DesignerSupport.targets(21,5): message :       
       C:\Program Files\dotnet\sdk\9.0.302\Sdks\Microsoft.NET.Sdk\targets\Microsoft.NET.DesignerSupport.targets(21,5): message :       ;
       C:\Program Files\dotnet\sdk\9.0.302\Sdks\Microsoft.NET.Sdk\targets\Microsoft.NET.DesignerSupport.targets(21,5): message :       BuildOnlySettings;
       C:\Program Files\dotnet\sdk\9.0.302\Sdks\Microsoft.NET.Sdk\targets\Microsoft.NET.DesignerSupport.targets(21,5): message :       PrepareForBuild;
       C:\Program Files\dotnet\sdk\9.0.302\Sdks\Microsoft.NET.Sdk\targets\Microsoft.NET.DesignerSupport.targets(21,5): message :       AssignTargetPaths;
       C:\Program Files\dotnet\sdk\9.0.302\Sdks\Microsoft.NET.Sdk\targets\Microsoft.NET.DesignerSupport.targets(21,5): message :       ResolveReferences
       C:\Program Files\dotnet\sdk\9.0.302\Sdks\Microsoft.NET.Sdk\targets\Microsoft.NET.DesignerSupport.targets(21,5): message :     
       C:\Program Files\dotnet\sdk\9.0.302\Sdks\Microsoft.NET.Sdk\targets\Microsoft.NET.DesignerSupport.targets(21,5): message :     ;
       C:\Program Files\dotnet\sdk\9.0.302\Sdks\Microsoft.NET.Sdk\targets\Microsoft.NET.DesignerSupport.targets(21,5): message :       _GenerateDesignerDepsFile;
       C:\Program Files\dotnet\sdk\9.0.302\Sdks\Microsoft.NET.Sdk\targets\Microsoft.NET.DesignerSupport.targets(21,5): message :       _GenerateDesignerRuntimeConfigFile;
       C:\Program Files\dotnet\sdk\9.0.302\Sdks\Microsoft.NET.Sdk\targets\Microsoft.NET.DesignerSupport.targets(21,5): message :       GetCopyToOutputDirectoryItems;
       C:\Program Files\dotnet\sdk\9.0.302\Sdks\Microsoft.NET.Sdk\targets\Microsoft.NET.DesignerSupport.targets(21,5): message :       _GatherDesignerShadowCopyFiles;
       C:\Program Files\dotnet\sdk\9.0.302\Sdks\Microsoft.NET.Sdk\targets\Microsoft.NET.DesignerSupport.targets(21,5): message :     "(이전 값: "
       C:\Program Files\dotnet\sdk\9.0.302\Sdks\Microsoft.NET.Sdk\targets\Microsoft.NET.DesignerSupport.targets(21,5): message :       ;
       C:\Program Files\dotnet\sdk\9.0.302\Sdks\Microsoft.NET.Sdk\targets\Microsoft.NET.DesignerSupport.targets(21,5): message :       
       C:\Program Files\dotnet\sdk\9.0.302\Sdks\Microsoft.NET.Sdk\targets\Microsoft.NET.DesignerSupport.targets(21,5): message :       ;
       C:\Program Files\dotnet\sdk\9.0.302\Sdks\Microsoft.NET.Sdk\targets\Microsoft.NET.DesignerSupport.targets(21,5): message :       BuildOnlySettings;
       C:\Program Files\dotnet\sdk\9.0.302\Sdks\Microsoft.NET.Sdk\targets\Microsoft.NET.DesignerSupport.targets(21,5): message :       PrepareForBuild;
       C:\Program Files\dotnet\sdk\9.0.302\Sdks\Microsoft.NET.Sdk\targets\Microsoft.NET.DesignerSupport.targets(21,5): message :       AssignTargetPaths;
       C:\Program Files\dotnet\sdk\9.0.302\Sdks\Microsoft.NET.Sdk\targets\Microsoft.NET.DesignerSupport.targets(21,5): message :       ResolveReferences
       C:\Program Files\dotnet\sdk\9.0.302\Sdks\Microsoft.NET.Sdk\targets\Microsoft.NET.DesignerSupport.targets(21,5): message :     
       C:\Program Files\dotnet\sdk\9.0.302\Sdks\Microsoft.NET.Sdk\targets\Microsoft.NET.DesignerSupport.targets(21,5): message :     ")
       C:\Program Files\dotnet\sdk\9.0.302\Sdks\Microsoft.NET.Sdk\targets\Microsoft.NET.PackTool.targets(68,5): message : 속성 재할당: $(_GenerateToolsSettingsFileCacheFile)=C:\Program Files\dotnet\sdk\9.0.302\Sdks\Microsoft.NET.Sdk\targets\Microsoft.NET.PackTool.targets (68,5)의 "D:\GitRepo\SUMMONER_Refactor\Workpiece\Summoner\Temp\obj\Assembly-CSharp\Assembly-CSharp.toolssettingsinput.cache"(이전 값: "Temp\obj\\Assembly-CSharp\Assembly-CSharp.toolssettingsinput.cache")
       C:\Program Files\dotnet\sdk\9.0.302\Sdks\Microsoft.NET.Sdk\targets\Microsoft.NET.PackTool.targets(137,5): message : 속성 재할당: $(_ShimInputCacheFile)=C:\Program Files\dotnet\sdk\9.0.302\Sdks\Microsoft.NET.Sdk\targets\Microsoft.NET.PackTool.targets (137,5)의 "D:\GitRepo\SUMMONER_Refactor\Workpiece\Summoner\Temp\obj\Assembly-CSharp\Assembly-CSharp.shiminput.cache"(이전 값: "Temp\obj\\Assembly-CSharp\Assembly-CSharp.shiminput.cache")
       C:\Program Files\dotnet\sdk\9.0.302\Sdks\Microsoft.NET.Sdk\targets\Microsoft.NET.PackTool.targets(139,5): message : 속성 재할당: $(_ShimCreatedSentinelFile)=C:\Program Files\dotnet\sdk\9.0.302\Sdks\Microsoft.NET.Sdk\targets\Microsoft.NET.PackTool.targets (139,5)의 "D:\GitRepo\SUMMONER_Refactor\Workpiece\Summoner\Temp\obj\Assembly-CSharp\Assembly-CSharp.shimcreated.sentinel"(이전 값: "Temp\obj\\Assembly-CSharp\Assembly-CSharp.shimcreated.sentinel")
       C:\Program Files\dotnet\sdk\9.0.302\Sdks\Microsoft.NET.Sdk\targets\Microsoft.NET.Sdk.CSharp.targets(31,5): message : 속성 재할당: $(DefineConstants)=C:\Program Files\dotnet\sdk\9.0.302\Sdks\Microsoft.NET.Sdk\targets\Microsoft.NET.Sdk.CSharp.targets (31,5)의 "UNITY_2022_3_44;UNITY_2022_3;UNITY_2022;UNITY_5_3_OR_NEWER;UNITY_5_4_OR_NEWER;UNITY_5_5_OR_NEWER;UNITY_5_6_OR_NEWER;UNITY_2017_1_OR_NEWER;UNITY_2017_2_OR_NEWER;UNITY_2017_3_OR_NEWER;UNITY_2017_4_OR_NEWER;UNITY_2018_1_OR_NEWER;UNITY_2018_2_OR_NEWER;UNITY_2018_3_OR_NEWER;UNITY_2018_4_OR_NEWER;UNITY_2019_1_OR_NEWER;UNITY_2019_2_OR_NEWER;UNITY_2019_3_OR_NEWER;UNITY_2019_4_OR_NEWER;UNITY_2020_1_OR_NEWER;UNITY_2020_2_OR_NEWER;UNITY_2020_3_OR_NEWER;UNITY_2021_1_OR_NEWER;UNITY_2021_2_OR_NEWER;UNITY_2021_3_OR_NEWER;UNITY_2022_1_OR_NEWER;UNITY_2022_2_OR_NEWER;UNITY_2022_3_OR_NEWER;PLATFORM_ARCH_64;UNITY_64;UNITY_INCLUDE_TESTS;ENABLE_AR;ENABLE_AUDIO;ENABLE_CACHING;ENABLE_CLOTH;ENABLE_EVENT_QUEUE;ENABLE_MICROPHONE;ENABLE_MULTIPLE_DISPLAYS;ENABLE_PHYSICS;ENABLE_TEXTURE_STREAMING;ENABLE_VIRTUALTEXTURING;ENABLE_LZMA;ENABLE_UNITYEVENTS;ENABLE_VR;ENABLE_WEBCAM;ENABLE_UNITYWEBREQUEST;ENABLE_WWW;ENABLE_CLOUD_SERVICES;ENABLE_CLOUD_SERVICES_ADS;ENABLE_CLOUD_SERVICES_USE_WEBREQUEST;ENABLE_CLOUD_SERVICES_CRASH_REPORTING;ENABLE_CLOUD_SERVICES_PURCHASING;ENABLE_CLOUD_SERVICES_ANALYTICS;ENABLE_CLOUD_SERVICES_BUILD;ENABLE_EDITOR_GAME_SERVICES;ENABLE_UNITY_GAME_SERVICES_ANALYTICS_SUPPORT;ENABLE_CLOUD_LICENSE;ENABLE_EDITOR_HUB_LICENSE;ENABLE_WEBSOCKET_CLIENT;ENABLE_GENERATE_NATIVE_PLUGINS_FOR_ASSEMBLIES_API;ENABLE_DIRECTOR_AUDIO;ENABLE_DIRECTOR_TEXTURE;ENABLE_MANAGED_JOBS;ENABLE_MANAGED_TRANSFORM_JOBS;ENABLE_MANAGED_ANIMATION_JOBS;ENABLE_MANAGED_AUDIO_JOBS;ENABLE_MANAGED_UNITYTLS;INCLUDE_DYNAMIC_GI;ENABLE_SCRIPTING_GC_WBARRIERS;PLATFORM_SUPPORTS_MONO;RENDER_SOFTWARE_CURSOR;ENABLE_VIDEO;ENABLE_ACCELERATOR_CLIENT_DEBUGGING;ENABLE_NAVIGATION_PACKAGE_DEBUG_VISUALIZATION;ENABLE_NAVIGATION_HEIGHTMESH_RUNTIME_SUPPORT;ENABLE_NAVIGATION_UI_REQUIRES_PACKAGE;PLATFORM_STANDALONE;TEXTCORE_1_0_OR_NEWER;PLATFORM_STANDALONE_WIN;UNITY_STANDALONE_WIN;UNITY_STANDALONE;ENABLE_RUNTIME_GI;ENABLE_MOVIES;ENABLE_NETWORK;ENABLE_NVIDIA;ENABLE_CRUNCH_TEXTURE_COMPRESSION;ENABLE_OUT_OF_PROCESS_CRASH_HANDLER;ENABLE_CLUSTER_SYNC;ENABLE_CLUSTERINPUT;PLATFORM_UPDATES_TIME_OUTSIDE_OF_PLAYER_LOOP;GFXDEVICE_WAITFOREVENT_MESSAGEPUMP;PLATFORM_INITIALIZES_MEMORY_MANAGER_EXPLICITLY;ENABLE_MONO;NET_STANDARD_2_0;NET_STANDARD;NET_STANDARD_2_1;NETSTANDARD;NETSTANDARD2_1;ENABLE_PROFILER;DEBUG;TRACE;UNITY_ASSERTIONS;UNITY_EDITOR;UNITY_EDITOR_64;UNITY_EDITOR_WIN;ENABLE_UNITY_COLLECTIONS_CHECKS;ENABLE_BURST_AOT;UNITY_TEAM_LICENSE;ENABLE_CUSTOM_RENDER_TEXTURE;ENABLE_DIRECTOR;ENABLE_LOCALIZATION;ENABLE_SPRITES;ENABLE_TERRAIN;ENABLE_TILEMAP;ENABLE_TIMELINE;ENABLE_LEGACY_INPUT_MANAGER;TEXTCORE_FONT_ENGINE_1_5_OR_NEWER;CSHARP_7_OR_LATER;CSHARP_7_3_OR_NEWER;DEBUG"(이전 값: "UNITY_2022_3_44;UNITY_2022_3;UNITY_2022;UNITY_5_3_OR_NEWER;UNITY_5_4_OR_NEWER;UNITY_5_5_OR_NEWER;UNITY_5_6_OR_NEWER;UNITY_2017_1_OR_NEWER;UNITY_2017_2_OR_NEWER;UNITY_2017_3_OR_NEWER;UNITY_2017_4_OR_NEWER;UNITY_2018_1_OR_NEWER;UNITY_2018_2_OR_NEWER;UNITY_2018_3_OR_NEWER;UNITY_2018_4_OR_NEWER;UNITY_2019_1_OR_NEWER;UNITY_2019_2_OR_NEWER;UNITY_2019_3_OR_NEWER;UNITY_2019_4_OR_NEWER;UNITY_2020_1_OR_NEWER;UNITY_2020_2_OR_NEWER;UNITY_2020_3_OR_NEWER;UNITY_2021_1_OR_NEWER;UNITY_2021_2_OR_NEWER;UNITY_2021_3_OR_NEWER;UNITY_2022_1_OR_NEWER;UNITY_2022_2_OR_NEWER;UNITY_2022_3_OR_NEWER;PLATFORM_ARCH_64;UNITY_64;UNITY_INCLUDE_TESTS;ENABLE_AR;ENABLE_AUDIO;ENABLE_CACHING;ENABLE_CLOTH;ENABLE_EVENT_QUEUE;ENABLE_MICROPHONE;ENABLE_MULTIPLE_DISPLAYS;ENABLE_PHYSICS;ENABLE_TEXTURE_STREAMING;ENABLE_VIRTUALTEXTURING;ENABLE_LZMA;ENABLE_UNITYEVENTS;ENABLE_VR;ENABLE_WEBCAM;ENABLE_UNITYWEBREQUEST;ENABLE_WWW;ENABLE_CLOUD_SERVICES;ENABLE_CLOUD_SERVICES_ADS;ENABLE_CLOUD_SERVICES_USE_WEBREQUEST;ENABLE_CLOUD_SERVICES_CRASH_REPORTING;ENABLE_CLOUD_SERVICES_PURCHASING;ENABLE_CLOUD_SERVICES_ANALYTICS;ENABLE_CLOUD_SERVICES_BUILD;ENABLE_EDITOR_GAME_SERVICES;ENABLE_UNITY_GAME_SERVICES_ANALYTICS_SUPPORT;ENABLE_CLOUD_LICENSE;ENABLE_EDITOR_HUB_LICENSE;ENABLE_WEBSOCKET_CLIENT;ENABLE_GENERATE_NATIVE_PLUGINS_FOR_ASSEMBLIES_API;ENABLE_DIRECTOR_AUDIO;ENABLE_DIRECTOR_TEXTURE;ENABLE_MANAGED_JOBS;ENABLE_MANAGED_TRANSFORM_JOBS;ENABLE_MANAGED_ANIMATION_JOBS;ENABLE_MANAGED_AUDIO_JOBS;ENABLE_MANAGED_UNITYTLS;INCLUDE_DYNAMIC_GI;ENABLE_SCRIPTING_GC_WBARRIERS;PLATFORM_SUPPORTS_MONO;RENDER_SOFTWARE_CURSOR;ENABLE_VIDEO;ENABLE_ACCELERATOR_CLIENT_DEBUGGING;ENABLE_NAVIGATION_PACKAGE_DEBUG_VISUALIZATION;ENABLE_NAVIGATION_HEIGHTMESH_RUNTIME_SUPPORT;ENABLE_NAVIGATION_UI_REQUIRES_PACKAGE;PLATFORM_STANDALONE;TEXTCORE_1_0_OR_NEWER;PLATFORM_STANDALONE_WIN;UNITY_STANDALONE_WIN;UNITY_STANDALONE;ENABLE_RUNTIME_GI;ENABLE_MOVIES;ENABLE_NETWORK;ENABLE_NVIDIA;ENABLE_CRUNCH_TEXTURE_COMPRESSION;ENABLE_OUT_OF_PROCESS_CRASH_HANDLER;ENABLE_CLUSTER_SYNC;ENABLE_CLUSTERINPUT;PLATFORM_UPDATES_TIME_OUTSIDE_OF_PLAYER_LOOP;GFXDEVICE_WAITFOREVENT_MESSAGEPUMP;PLATFORM_INITIALIZES_MEMORY_MANAGER_EXPLICITLY;ENABLE_MONO;NET_STANDARD_2_0;NET_STANDARD;NET_STANDARD_2_1;NETSTANDARD;NETSTANDARD2_1;ENABLE_PROFILER;DEBUG;TRACE;UNITY_ASSERTIONS;UNITY_EDITOR;UNITY_EDITOR_64;UNITY_EDITOR_WIN;ENABLE_UNITY_COLLECTIONS_CHECKS;ENABLE_BURST_AOT;UNITY_TEAM_LICENSE;ENABLE_CUSTOM_RENDER_TEXTURE;ENABLE_DIRECTOR;ENABLE_LOCALIZATION;ENABLE_SPRITES;ENABLE_TERRAIN;ENABLE_TILEMAP;ENABLE_TIMELINE;ENABLE_LEGACY_INPUT_MANAGER;TEXTCORE_FONT_ENGINE_1_5_OR_NEWER;CSHARP_7_OR_LATER;CSHARP_7_3_OR_NEWER")
       C:\Program Files\dotnet\sdk\9.0.302\Sdks\Microsoft.NET.Sdk\targets\Microsoft.NET.Sdk.CSharp.targets(34,5): message : 속성 재할당: $(DefineConstants)=C:\Program Files\dotnet\sdk\9.0.302\Sdks\Microsoft.NET.Sdk\targets\Microsoft.NET.Sdk.CSharp.targets (34,5)의 "UNITY_2022_3_44;UNITY_2022_3;UNITY_2022;UNITY_5_3_OR_NEWER;UNITY_5_4_OR_NEWER;UNITY_5_5_OR_NEWER;UNITY_5_6_OR_NEWER;UNITY_2017_1_OR_NEWER;UNITY_2017_2_OR_NEWER;UNITY_2017_3_OR_NEWER;UNITY_2017_4_OR_NEWER;UNITY_2018_1_OR_NEWER;UNITY_2018_2_OR_NEWER;UNITY_2018_3_OR_NEWER;UNITY_2018_4_OR_NEWER;UNITY_2019_1_OR_NEWER;UNITY_2019_2_OR_NEWER;UNITY_2019_3_OR_NEWER;UNITY_2019_4_OR_NEWER;UNITY_2020_1_OR_NEWER;UNITY_2020_2_OR_NEWER;UNITY_2020_3_OR_NEWER;UNITY_2021_1_OR_NEWER;UNITY_2021_2_OR_NEWER;UNITY_2021_3_OR_NEWER;UNITY_2022_1_OR_NEWER;UNITY_2022_2_OR_NEWER;UNITY_2022_3_OR_NEWER;PLATFORM_ARCH_64;UNITY_64;UNITY_INCLUDE_TESTS;ENABLE_AR;ENABLE_AUDIO;ENABLE_CACHING;ENABLE_CLOTH;ENABLE_EVENT_QUEUE;ENABLE_MICROPHONE;ENABLE_MULTIPLE_DISPLAYS;ENABLE_PHYSICS;ENABLE_TEXTURE_STREAMING;ENABLE_VIRTUALTEXTURING;ENABLE_LZMA;ENABLE_UNITYEVENTS;ENABLE_VR;ENABLE_WEBCAM;ENABLE_UNITYWEBREQUEST;ENABLE_WWW;ENABLE_CLOUD_SERVICES;ENABLE_CLOUD_SERVICES_ADS;ENABLE_CLOUD_SERVICES_USE_WEBREQUEST;ENABLE_CLOUD_SERVICES_CRASH_REPORTING;ENABLE_CLOUD_SERVICES_PURCHASING;ENABLE_CLOUD_SERVICES_ANALYTICS;ENABLE_CLOUD_SERVICES_BUILD;ENABLE_EDITOR_GAME_SERVICES;ENABLE_UNITY_GAME_SERVICES_ANALYTICS_SUPPORT;ENABLE_CLOUD_LICENSE;ENABLE_EDITOR_HUB_LICENSE;ENABLE_WEBSOCKET_CLIENT;ENABLE_GENERATE_NATIVE_PLUGINS_FOR_ASSEMBLIES_API;ENABLE_DIRECTOR_AUDIO;ENABLE_DIRECTOR_TEXTURE;ENABLE_MANAGED_JOBS;ENABLE_MANAGED_TRANSFORM_JOBS;ENABLE_MANAGED_ANIMATION_JOBS;ENABLE_MANAGED_AUDIO_JOBS;ENABLE_MANAGED_UNITYTLS;INCLUDE_DYNAMIC_GI;ENABLE_SCRIPTING_GC_WBARRIERS;PLATFORM_SUPPORTS_MONO;RENDER_SOFTWARE_CURSOR;ENABLE_VIDEO;ENABLE_ACCELERATOR_CLIENT_DEBUGGING;ENABLE_NAVIGATION_PACKAGE_DEBUG_VISUALIZATION;ENABLE_NAVIGATION_HEIGHTMESH_RUNTIME_SUPPORT;ENABLE_NAVIGATION_UI_REQUIRES_PACKAGE;PLATFORM_STANDALONE;TEXTCORE_1_0_OR_NEWER;PLATFORM_STANDALONE_WIN;UNITY_STANDALONE_WIN;UNITY_STANDALONE;ENABLE_RUNTIME_GI;ENABLE_MOVIES;ENABLE_NETWORK;ENABLE_NVIDIA;ENABLE_CRUNCH_TEXTURE_COMPRESSION;ENABLE_OUT_OF_PROCESS_CRASH_HANDLER;ENABLE_CLUSTER_SYNC;ENABLE_CLUSTERINPUT;PLATFORM_UPDATES_TIME_OUTSIDE_OF_PLAYER_LOOP;GFXDEVICE_WAITFOREVENT_MESSAGEPUMP;PLATFORM_INITIALIZES_MEMORY_MANAGER_EXPLICITLY;ENABLE_MONO;NET_STANDARD_2_0;NET_STANDARD;NET_STANDARD_2_1;NETSTANDARD;NETSTANDARD2_1;ENABLE_PROFILER;DEBUG;TRACE;UNITY_ASSERTIONS;UNITY_EDITOR;UNITY_EDITOR_64;UNITY_EDITOR_WIN;ENABLE_UNITY_COLLECTIONS_CHECKS;ENABLE_BURST_AOT;UNITY_TEAM_LICENSE;ENABLE_CUSTOM_RENDER_TEXTURE;ENABLE_DIRECTOR;ENABLE_LOCALIZATION;ENABLE_SPRITES;ENABLE_TERRAIN;ENABLE_TILEMAP;ENABLE_TIMELINE;ENABLE_LEGACY_INPUT_MANAGER;TEXTCORE_FONT_ENGINE_1_5_OR_NEWER;CSHARP_7_OR_LATER;CSHARP_7_3_OR_NEWER;DEBUG;NETSTANDARD;NETSTANDARD2_1;"(이전 값: "UNITY_2022_3_44;UNITY_2022_3;UNITY_2022;UNITY_5_3_OR_NEWER;UNITY_5_4_OR_NEWER;UNITY_5_5_OR_NEWER;UNITY_5_6_OR_NEWER;UNITY_2017_1_OR_NEWER;UNITY_2017_2_OR_NEWER;UNITY_2017_3_OR_NEWER;UNITY_2017_4_OR_NEWER;UNITY_2018_1_OR_NEWER;UNITY_2018_2_OR_NEWER;UNITY_2018_3_OR_NEWER;UNITY_2018_4_OR_NEWER;UNITY_2019_1_OR_NEWER;UNITY_2019_2_OR_NEWER;UNITY_2019_3_OR_NEWER;UNITY_2019_4_OR_NEWER;UNITY_2020_1_OR_NEWER;UNITY_2020_2_OR_NEWER;UNITY_2020_3_OR_NEWER;UNITY_2021_1_OR_NEWER;UNITY_2021_2_OR_NEWER;UNITY_2021_3_OR_NEWER;UNITY_2022_1_OR_NEWER;UNITY_2022_2_OR_NEWER;UNITY_2022_3_OR_NEWER;PLATFORM_ARCH_64;UNITY_64;UNITY_INCLUDE_TESTS;ENABLE_AR;ENABLE_AUDIO;ENABLE_CACHING;ENABLE_CLOTH;ENABLE_EVENT_QUEUE;ENABLE_MICROPHONE;ENABLE_MULTIPLE_DISPLAYS;ENABLE_PHYSICS;ENABLE_TEXTURE_STREAMING;ENABLE_VIRTUALTEXTURING;ENABLE_LZMA;ENABLE_UNITYEVENTS;ENABLE_VR;ENABLE_WEBCAM;ENABLE_UNITYWEBREQUEST;ENABLE_WWW;ENABLE_CLOUD_SERVICES;ENABLE_CLOUD_SERVICES_ADS;ENABLE_CLOUD_SERVICES_USE_WEBREQUEST;ENABLE_CLOUD_SERVICES_CRASH_REPORTING;ENABLE_CLOUD_SERVICES_PURCHASING;ENABLE_CLOUD_SERVICES_ANALYTICS;ENABLE_CLOUD_SERVICES_BUILD;ENABLE_EDITOR_GAME_SERVICES;ENABLE_UNITY_GAME_SERVICES_ANALYTICS_SUPPORT;ENABLE_CLOUD_LICENSE;ENABLE_EDITOR_HUB_LICENSE;ENABLE_WEBSOCKET_CLIENT;ENABLE_GENERATE_NATIVE_PLUGINS_FOR_ASSEMBLIES_API;ENABLE_DIRECTOR_AUDIO;ENABLE_DIRECTOR_TEXTURE;ENABLE_MANAGED_JOBS;ENABLE_MANAGED_TRANSFORM_JOBS;ENABLE_MANAGED_ANIMATION_JOBS;ENABLE_MANAGED_AUDIO_JOBS;ENABLE_MANAGED_UNITYTLS;INCLUDE_DYNAMIC_GI;ENABLE_SCRIPTING_GC_WBARRIERS;PLATFORM_SUPPORTS_MONO;RENDER_SOFTWARE_CURSOR;ENABLE_VIDEO;ENABLE_ACCELERATOR_CLIENT_DEBUGGING;ENABLE_NAVIGATION_PACKAGE_DEBUG_VISUALIZATION;ENABLE_NAVIGATION_HEIGHTMESH_RUNTIME_SUPPORT;ENABLE_NAVIGATION_UI_REQUIRES_PACKAGE;PLATFORM_STANDALONE;TEXTCORE_1_0_OR_NEWER;PLATFORM_STANDALONE_WIN;UNITY_STANDALONE_WIN;UNITY_STANDALONE;ENABLE_RUNTIME_GI;ENABLE_MOVIES;ENABLE_NETWORK;ENABLE_NVIDIA;ENABLE_CRUNCH_TEXTURE_COMPRESSION;ENABLE_OUT_OF_PROCESS_CRASH_HANDLER;ENABLE_CLUSTER_SYNC;ENABLE_CLUSTERINPUT;PLATFORM_UPDATES_TIME_OUTSIDE_OF_PLAYER_LOOP;GFXDEVICE_WAITFOREVENT_MESSAGEPUMP;PLATFORM_INITIALIZES_MEMORY_MANAGER_EXPLICITLY;ENABLE_MONO;NET_STANDARD_2_0;NET_STANDARD;NET_STANDARD_2_1;NETSTANDARD;NETSTANDARD2_1;ENABLE_PROFILER;DEBUG;TRACE;UNITY_ASSERTIONS;UNITY_EDITOR;UNITY_EDITOR_64;UNITY_EDITOR_WIN;ENABLE_UNITY_COLLECTIONS_CHECKS;ENABLE_BURST_AOT;UNITY_TEAM_LICENSE;ENABLE_CUSTOM_RENDER_TEXTURE;ENABLE_DIRECTOR;ENABLE_LOCALIZATION;ENABLE_SPRITES;ENABLE_TERRAIN;ENABLE_TILEMAP;ENABLE_TIMELINE;ENABLE_LEGACY_INPUT_MANAGER;TEXTCORE_FONT_ENGINE_1_5_OR_NEWER;CSHARP_7_OR_LATER;CSHARP_7_3_OR_NEWER;DEBUG")
       C:\Program Files\dotnet\sdk\9.0.302\Sdks\Microsoft.NET.Sdk\targets\Microsoft.NET.Windows.targets(44,5): message : 속성 재할당: $(SupportedOSPlatformVersion)=C:\Program Files\dotnet\sdk\9.0.302\Sdks\Microsoft.NET.Sdk\targets\Microsoft.NET.Windows.targets (44,5)의 "7.0"(이전 값: "")
       C:\Program Files\dotnet\sdk\9.0.302\Sdks\Microsoft.NET.Sdk\targets\Microsoft.NET.Windows.targets(45,5): message : 속성 재할당: $(TargetPlatformMinVersion)=C:\Program Files\dotnet\sdk\9.0.302\Sdks\Microsoft.NET.Sdk\targets\Microsoft.NET.Windows.targets (45,5)의 "7.0"(이전 값: "")
       C:\Program Files\dotnet\sdk\9.0.302\Sdks\NuGet.Build.Tasks.Pack\build\NuGet.Build.Tasks.Pack.targets(34,5): message : 속성 재할당: $(PackageDescription)=C:\Program Files\dotnet\sdk\9.0.302\Sdks\NuGet.Build.Tasks.Pack\build\NuGet.Build.Tasks.Pack.targets (34,5)의 "Package Description"(이전 값: "")
       C:\Program Files\dotnet\sdk\9.0.302\Sdks\NuGet.Build.Tasks.Pack\build\NuGet.Build.Tasks.Pack.targets(59,5): message : 속성 재할당: $(GenerateNuspecDependsOn)=C:\Program Files\dotnet\sdk\9.0.302\Sdks\NuGet.Build.Tasks.Pack\build\NuGet.Build.Tasks.Pack.targets (59,5)의 "Build;_LoadPackInputItems; _GetTargetFrameworksOutput; _WalkEachTargetPerFramework; _GetPackageFiles; "(이전 값: "_LoadPackInputItems; _GetTargetFrameworksOutput; _WalkEachTargetPerFramework; _GetPackageFiles; ")
       C:\Program Files\dotnet\sdk\9.0.302\Sdks\Microsoft.NET.Sdk\Sdk\Sdk.targets(60,5): message : 속성 재할당: $(_IsNotSetContainersTargetsDir)=C:\Program Files\dotnet\sdk\9.0.302\Sdks\Microsoft.NET.Sdk\Sdk\Sdk.targets (60,5)의 "true"(이전 값: "false")
       C:\Program Files\dotnet\sdk\9.0.302\Containers\build\Microsoft.NET.Build.Containers.targets(5,5): message : 속성 재할당: $(_IsSDKContainerAllowedVersion)=C:\Program Files\dotnet\sdk\9.0.302\Containers\build\Microsoft.NET.Build.Containers.targets (5,5)의 "true"(이전 값: "false")
       "C:\Program Files\dotnet\sdk\9.0.302\Microsoft.Common.CurrentVersion.targets" 프로젝트의 "ResolveFrameworkReferences" 대상을 "C:\Program Files\dotnet\sdk\9.0.302\Sdks\Microsoft.NET.Sdk\targets\Microsoft.NET.Sdk.FrameworkReferenceResolution.targets" 프로젝트의 "ResolveFrameworkReferences" 대상으로 재정의하고 있습니다.
       "C:\Program Files\dotnet\sdk\9.0.302\Microsoft.Common.CurrentVersion.targets" 프로젝트의 "Run" 대상을 "C:\Program Files\dotnet\sdk\9.0.302\Sdks\Microsoft.NET.Sdk\targets\Microsoft.NET.Sdk.targets" 프로젝트의 "Run" 대상으로 재정의하고 있습니다.
       "C:\Program Files\dotnet\sdk\9.0.302\Microsoft.Common.CurrentVersion.targets" 프로젝트의 "GenerateSupportedTargetFrameworkAlias" 대상을 "C:\Program Files\dotnet\sdk\9.0.302\Sdks\Microsoft.NET.Sdk\targets\Microsoft.NET.Sdk.targets" 프로젝트의 "GenerateSupportedTargetFrameworkAlias" 대상으로 재정의하고 있습니다.
       "C:\Program Files\dotnet\sdk\9.0.302\Microsoft.Common.CurrentVersion.targets" 프로젝트의 "GetReferenceAssemblyPaths" 대상을 "C:\Program Files\dotnet\sdk\9.0.302\Sdks\Microsoft.NET.Sdk\targets\Microsoft.NET.DisableStandardFrameworkResolution.targets" 프로젝트의 "GetReferenceAssemblyPaths" 대상으로 재정의하고 있습니다.
       "C:\Program Files\dotnet\sdk\9.0.302\Microsoft.Common.CurrentVersion.targets" 프로젝트의 "GetFrameworkPaths" 대상을 "C:\Program Files\dotnet\sdk\9.0.302\Sdks\Microsoft.NET.Sdk\targets\Microsoft.NET.DisableStandardFrameworkResolution.targets" 프로젝트의 "GetFrameworkPaths" 대상으로 재정의하고 있습니다.
       "C:\Program Files\dotnet\sdk\9.0.302\Microsoft.Common.CurrentVersion.targets" 프로젝트의 "DesignerRuntimeImplementationProjectOutputGroup" 대상을 "C:\Program Files\dotnet\sdk\9.0.302\Sdks\Microsoft.NET.Sdk\targets\Microsoft.NET.DesignerSupport.targets" 프로젝트의 "DesignerRuntimeImplementationProjectOutputGroup" 대상으로 재정의하고 있습니다.
       "C:\Program Files\dotnet\sdk\9.0.302\Microsoft.Common.CurrentVersion.targets" 프로젝트의 "Publish" 대상을 "C:\Program Files\dotnet\sdk\9.0.302\Sdks\Microsoft.NET.Sdk\targets\Microsoft.NET.Publish.targets" 프로젝트의 "Publish" 대상으로 재정의하고 있습니다.
       "C:\Program Files\dotnet\sdk\9.0.302\Sdks\Microsoft.NET.Sdk\targets\Microsoft.NET.CrossGen.targets" 프로젝트의 "ResolveReadyToRunCompilers" 대상을 "C:\Program Files\dotnet\sdk\9.0.302\Sdks\Microsoft.NET.Sdk\targets\Microsoft.NET.Publish.targets" 프로젝트의 "ResolveReadyToRunCompilers" 대상으로 재정의하고 있습니다.
       "C:\Program Files\dotnet\sdk\9.0.302\Microsoft.Common.CurrentVersion.targets" 프로젝트의 "GetCopyToPublishDirectoryItems" 대상을 "C:\Program Files\dotnet\sdk\9.0.302\Sdks\Microsoft.NET.Sdk\targets\Microsoft.NET.Publish.targets" 프로젝트의 "GetCopyToPublishDirectoryItems" 대상으로 재정의하고 있습니다.
     1>"D:\GitRepo\SUMMONER_Refactor\Workpiece\Summoner\Assembly-CSharp.csproj"(1) 프로젝트가 1 노드에서 "D:\GitRepo\SUMMONER_Refactor\Workpiece\Summoner\Assembly-CSharp.csproj"(1:2)을(를) 빌드하고 있습니다(_IsProjectRestoreSupported 대상).
   1:2>"D:\GitRepo\SUMMONER_Refactor\Workpiece\Summoner\Assembly-CSharp.csproj" 프로젝트의 "C:\Program Files\dotnet\sdk\9.0.302\NuGet.targets" 파일에 있는 "_IsProjectRestoreSupported" 대상(진입점):
   1:2>추가된 항목: _ValidProjectsForRestore=D:\GitRepo\SUMMONER_Refactor\Workpiece\Summoner\Assembly-CSharp.csproj
   1:2>"Assembly-CSharp.csproj" 프로젝트에 "_IsProjectRestoreSupported" 대상을 빌드했습니다.
   1:2>"D:\GitRepo\SUMMONER_Refactor\Workpiece\Summoner\Assembly-CSharp.csproj" 프로젝트를 빌드했습니다(_IsProjectRestoreSupported 대상).
     1>_FilterRestoreGraphProjectInputItems:
         출력 항목: 
             FilteredRestoreGraphProjectInputItems=
                 D:\GitRepo\SUMMONER_Refactor\Workpiece\Summoner\Assembly-CSharp.csproj
                         MSBuildSourceProjectFile=D:\GitRepo\SUMMONER_Refactor\Workpiece\Summoner\Assembly-CSharp.csproj
                         MSBuildSourceTargetName=_IsProjectRestoreSupported
                         OriginalItemSpec=D:\GitRepo\SUMMONER_Refactor\Workpiece\Summoner\Assembly-CSharp.csproj
       "MSBuild" 작업을 실행했습니다.
       조건이 잘못되어 "MSBuild" 작업을 건너뜁니다. ( '$(RestoreUseSkipNonexistentTargets)' != 'true' )이(가) ( 'true' != 'true' )(으)로 확인되었습니다.
       TaskRun 동안 로드된 어셈블리: System.Collections.NonGeneric, Version=9.0.0.0, Culture=neutral, PublicKeyToken=b03f5f7f11d50a3a(위치: C:\Program Files\dotnet\shared\Microsoft.NETCore.App\9.0.7\System.Collections.NonGeneric.dll, MVID: 352ea4aa-6a9d-4932-a019-6e2b32407bd8, AssemblyLoadContext: Default)
       TaskRun 동안 로드된 어셈블리: NuGet.Build.Tasks, Version=6.14.0.116, Culture=neutral, PublicKeyToken=31bf3856ad364e35(위치: C:\Program Files\dotnet\sdk\9.0.302\NuGet.Build.Tasks.dll, MVID: c545d64d-0cbb-4fc0-971c-b5c1c1e75cf3, AssemblyLoadContext: MSBuild plugin C:\Program Files\dotnet\sdk\9.0.302\NuGet.Build.Tasks.dll)
       TaskRun 동안 로드된 어셈블리: NuGet.Common, Version=6.14.0.116, Culture=neutral, PublicKeyToken=31bf3856ad364e35(위치: C:\Program Files\dotnet\sdk\9.0.302\NuGet.Common.dll, MVID: 0fbb79ae-e358-4591-bc91-e34371a3d05b, AssemblyLoadContext: MSBuild plugin C:\Program Files\dotnet\sdk\9.0.302\NuGet.Build.Tasks.dll)
       TaskRun 동안 로드된 어셈블리: NuGet.Commands, Version=6.14.0.116, Culture=neutral, PublicKeyToken=31bf3856ad364e35(위치: C:\Program Files\dotnet\sdk\9.0.302\NuGet.Commands.dll, MVID: e743f127-1013-45a0-a669-058903e72acf, AssemblyLoadContext: MSBuild plugin C:\Program Files\dotnet\sdk\9.0.302\NuGet.Build.Tasks.dll)
       TaskRun 동안 로드된 어셈블리: NuGet.ProjectModel, Version=6.14.0.116, Culture=neutral, PublicKeyToken=31bf3856ad364e35(위치: C:\Program Files\dotnet\sdk\9.0.302\NuGet.ProjectModel.dll, MVID: 08d0df58-191b-4580-9b46-c281ab5b9b36, AssemblyLoadContext: MSBuild plugin C:\Program Files\dotnet\sdk\9.0.302\NuGet.Build.Tasks.dll)
       "C:\Program Files\dotnet\sdk\9.0.302\NuGet.Build.Tasks.dll" 어셈블리에서 "WarnForInvalidProjectsTask" 작업을 사용합니다.
       "WarnForInvalidProjectsTask" 작업
         작업 매개 변수:AllProjects=D:\GitRepo\SUMMONER_Refactor\Workpiece\Summoner\Assembly-CSharp.csproj
         작업 매개 변수:
             ValidProjects=
                 D:\GitRepo\SUMMONER_Refactor\Workpiece\Summoner\Assembly-CSharp.csproj
                         MSBuildSourceProjectFile=D:\GitRepo\SUMMONER_Refactor\Workpiece\Summoner\Assembly-CSharp.csproj
                         MSBuildSourceTargetName=_IsProjectRestoreSupported
                         OriginalItemSpec=D:\GitRepo\SUMMONER_Refactor\Workpiece\Summoner\Assembly-CSharp.csproj
       "WarnForInvalidProjectsTask" 작업을 실행했습니다.
     1>"Assembly-CSharp.csproj" 프로젝트에 "_FilterRestoreGraphProjectInputItems" 대상을 빌드했습니다.
       "_FilterRestoreGraphProjectInputItems" 대상을 건너뜁니다. 이전에 빌드되었습니다.
     1>"D:\GitRepo\SUMMONER_Refactor\Workpiece\Summoner\Assembly-CSharp.csproj" 프로젝트의 "C:\Program Files\dotnet\sdk\9.0.302\NuGet.targets" 파일에 있는 "_GetAllRestoreProjectPathItems" 대상("_GenerateRestoreGraph" 대상이 종속됨):
       "C:\Program Files\dotnet\sdk\9.0.302\NuGet.Build.Tasks.dll" 어셈블리에서 "NuGetMessageTask" 작업을 사용합니다.
       "NuGetMessageTask" 작업
         작업 매개 변수:Importance=High
         작업 매개 변수:Name=DeterminingProjectsToRestore
         TaskRun (NuGet.Build.Tasks.NuGetMessageTask) 동안 로드된 어셈블리: NuGet.Build.Tasks.resources, Version=6.14.0.116, Culture=ko, PublicKeyToken=31bf3856ad364e35, processorArchitecture=MSIL(위치: C:\Program Files\dotnet\sdk\9.0.302\ko\NuGet.Build.Tasks.resources.dll, MVID: 322952fe-5b4c-459c-99ba-cc805f8f740d, AssemblyLoadContext: MSBuild plugin C:\Program Files\dotnet\sdk\9.0.302\NuGet.Build.Tasks.dll)
         복원할 프로젝트를 확인하는 중...
       "NuGetMessageTask" 작업을 실행했습니다.
       "MSBuild" 작업
         작업 매개 변수:SkipNonexistentTargets=True
         작업 매개 변수:SkipNonexistentProjects=true
         작업 매개 변수:BuildInParallel=True
         작업 매개 변수:
             Projects=
                 D:\GitRepo\SUMMONER_Refactor\Workpiece\Summoner\Assembly-CSharp.csproj
                         MSBuildSourceProjectFile=D:\GitRepo\SUMMONER_Refactor\Workpiece\Summoner\Assembly-CSharp.csproj
                         MSBuildSourceTargetName=_IsProjectRestoreSupported
                         OriginalItemSpec=D:\GitRepo\SUMMONER_Refactor\Workpiece\Summoner\Assembly-CSharp.csproj
         작업 매개 변수:Targets=_GenerateRestoreProjectPathWalk
         작업 매개 변수:Properties=ExcludeRestorePackageImports=true
         전역 속성:
           ExcludeRestorePackageImports=true
     1>"D:\GitRepo\SUMMONER_Refactor\Workpiece\Summoner\Assembly-CSharp.csproj"(1) 프로젝트가 1 노드에서 "D:\GitRepo\SUMMONER_Refactor\Workpiece\Summoner\Assembly-CSharp.csproj"(1:3)을(를) 빌드하고 있습니다(_GenerateRestoreProjectPathWalk 대상).
   1:3>조건이 잘못되어 "_GenerateRestoreProjectPathItemsAllFrameworks" 대상을 건너뜁니다. ( '$(TargetFrameworks)' != '' )이(가) ( '' != '' )(으)로 확인되었습니다.
   1:3>"D:\GitRepo\SUMMONER_Refactor\Workpiece\Summoner\Assembly-CSharp.csproj" 프로젝트의 "C:\Program Files\dotnet\sdk\9.0.302\NuGet.targets" 파일에 있는 "_GenerateRestoreProjectPathItemsPerFramework" 대상("_GenerateRestoreProjectPathItemsCurrentProject" 대상이 종속됨):
       "Microsoft.Build.Tasks.Core, Version=15.1.0.0, Culture=neutral, PublicKeyToken=b03f5f7f11d50a3a" 어셈블리에서 "ConvertToAbsolutePath" 작업을 사용합니다.
       "ConvertToAbsolutePath" 작업
         작업 매개 변수:
             Paths=
                 D:\GitRepo\SUMMONER_Refactor\Workpiece\Summoner\Unity.2D.IK.Runtime.csproj
                         OutputItemType=
                         ReferenceSourceTarget=ProjectReference
                         Targets=
                 D:\GitRepo\SUMMONER_Refactor\Workpiece\Summoner\Unity.EditorCoroutines.Editor.csproj
                         OutputItemType=
                         ReferenceSourceTarget=ProjectReference
                         Targets=
                 D:\GitRepo\SUMMONER_Refactor\Workpiece\Summoner\PsdPlugin.csproj
                         OutputItemType=
                         ReferenceSourceTarget=ProjectReference
                         Targets=
                 D:\GitRepo\SUMMONER_Refactor\Workpiece\Summoner\Unity.Burst.Editor.csproj
                         OutputItemType=
                         ReferenceSourceTarget=ProjectReference
                         Targets=
                 D:\GitRepo\SUMMONER_Refactor\Workpiece\Summoner\Unity.Burst.csproj
                         OutputItemType=
                         ReferenceSourceTarget=ProjectReference
                         Targets=
                 D:\GitRepo\SUMMONER_Refactor\Workpiece\Summoner\Unity.PlasticSCM.Editor.csproj
                         OutputItemType=
                         ReferenceSourceTarget=ProjectReference
                         Targets=
                 D:\GitRepo\SUMMONER_Refactor\Workpiece\Summoner\Unity.2D.Common.Path.Editor.csproj
                         OutputItemType=
                         ReferenceSourceTarget=ProjectReference
                         Targets=
                 D:\GitRepo\SUMMONER_Refactor\Workpiece\Summoner\Unity.Timeline.Editor.csproj
                         OutputItemType=
                         ReferenceSourceTarget=ProjectReference
                         Targets=
                 D:\GitRepo\SUMMONER_Refactor\Workpiece\Summoner\Unity.VisualScripting.Shared.Editor.csproj
                         OutputItemType=
                         ReferenceSourceTarget=ProjectReference
                         Targets=
                 D:\GitRepo\SUMMONER_Refactor\Workpiece\Summoner\Unity.VisualStudio.Editor.csproj
                         OutputItemType=
                         ReferenceSourceTarget=ProjectReference
                         Targets=
                 D:\GitRepo\SUMMONER_Refactor\Workpiece\Summoner\Unity.VisualScripting.Core.csproj
                         OutputItemType=
                         ReferenceSourceTarget=ProjectReference
                         Targets=
                 D:\GitRepo\SUMMONER_Refactor\Workpiece\Summoner\Unity.2D.Animation.Runtime.csproj
                         OutputItemType=
                         ReferenceSourceTarget=ProjectReference
                         Targets=
                 D:\GitRepo\SUMMONER_Refactor\Workpiece\Summoner\Unity.2D.Tilemap.Extras.csproj
                         OutputItemType=
                         ReferenceSourceTarget=ProjectReference
                         Targets=
                 D:\GitRepo\SUMMONER_Refactor\Workpiece\Summoner\Unity.VisualScripting.Core.Editor.csproj
                         OutputItemType=
                         ReferenceSourceTarget=ProjectReference
                         Targets=
                 D:\GitRepo\SUMMONER_Refactor\Workpiece\Summoner\Unity.Rider.Editor.csproj
                         OutputItemType=
                         ReferenceSourceTarget=ProjectReference
                         Targets=
                 D:\GitRepo\SUMMONER_Refactor\Workpiece\Summoner\Unity.2D.PixelPerfect.Editor.csproj
                         OutputItemType=
                         ReferenceSourceTarget=ProjectReference
                         Targets=
                 D:\GitRepo\SUMMONER_Refactor\Workpiece\Summoner\Unity.2D.Aseprite.Common.csproj
                         OutputItemType=
                         ReferenceSourceTarget=ProjectReference
                         Targets=
                 D:\GitRepo\SUMMONER_Refactor\Workpiece\Summoner\Unity.VisualScripting.Flow.csproj
                         OutputItemType=
                         ReferenceSourceTarget=ProjectReference
                         Targets=
                 D:\GitRepo\SUMMONER_Refactor\Workpiece\Summoner\Unity.VisualScripting.Flow.Editor.csproj
                         OutputItemType=
                         ReferenceSourceTarget=ProjectReference
                         Targets=
                 D:\GitRepo\SUMMONER_Refactor\Workpiece\Summoner\Unity.InternalAPIEngineBridge.001.csproj
                         OutputItemType=
                         ReferenceSourceTarget=ProjectReference
                         Targets=
                 D:\GitRepo\SUMMONER_Refactor\Workpiece\Summoner\Unity.Mathematics.Editor.csproj
                         OutputItemType=
                         ReferenceSourceTarget=ProjectReference
                         Targets=
                 D:\GitRepo\SUMMONER_Refactor\Workpiece\Summoner\Unity.2D.Common.Runtime.csproj
                         OutputItemType=
                         ReferenceSourceTarget=ProjectReference
                         Targets=
                 D:\GitRepo\SUMMONER_Refactor\Workpiece\Summoner\Unity.2D.Tilemap.Extras.Editor.csproj
                         OutputItemType=
                         ReferenceSourceTarget=ProjectReference
                         Targets=
                 D:\GitRepo\SUMMONER_Refactor\Workpiece\Summoner\Unity.Timeline.csproj
                         OutputItemType=
                         ReferenceSourceTarget=ProjectReference
                         Targets=
                 D:\GitRepo\SUMMONER_Refactor\Workpiece\Summoner\McpUnity.Editor.csproj
                         OutputItemType=
                         ReferenceSourceTarget=ProjectReference
                         Targets=
                 D:\GitRepo\SUMMONER_Refactor\Workpiece\Summoner\Unity.VisualScripting.SettingsProvider.Editor.csproj
                         OutputItemType=
                         ReferenceSourceTarget=ProjectReference
                         Targets=
                 D:\GitRepo\SUMMONER_Refactor\Workpiece\Summoner\Unity.Collections.csproj
                         OutputItemType=
                         ReferenceSourceTarget=ProjectReference
                         Targets=
                 D:\GitRepo\SUMMONER_Refactor\Workpiece\Summoner\Unity.2D.Psdimporter.Editor.csproj
                         OutputItemType=
                         ReferenceSourceTarget=ProjectReference
                         Targets=
                 D:\GitRepo\SUMMONER_Refactor\Workpiece\Summoner\Unity.InternalAPIEditorBridge.001.csproj
                         OutputItemType=
                         ReferenceSourceTarget=ProjectReference
                         Targets=
                 D:\GitRepo\SUMMONER_Refactor\Workpiece\Summoner\Unity.2D.SpriteShape.Runtime.csproj
                         OutputItemType=
                         ReferenceSourceTarget=ProjectReference
                         Targets=
                 D:\GitRepo\SUMMONER_Refactor\Workpiece\Summoner\Unity.VisualScripting.State.Editor.csproj
                         OutputItemType=
                         ReferenceSourceTarget=ProjectReference
                         Targets=
                 D:\GitRepo\SUMMONER_Refactor\Workpiece\Summoner\Unity.2D.PixelPerfect.csproj
                         OutputItemType=
                         ReferenceSourceTarget=ProjectReference
                         Targets=
                 D:\GitRepo\SUMMONER_Refactor\Workpiece\Summoner\Unity.Mathematics.csproj
                         OutputItemType=
                         ReferenceSourceTarget=ProjectReference
                         Targets=
                 D:\GitRepo\SUMMONER_Refactor\Workpiece\Summoner\Unity.2D.Common.Editor.csproj
                         OutputItemType=
                         ReferenceSourceTarget=ProjectReference
                         Targets=
                 D:\GitRepo\SUMMONER_Refactor\Workpiece\Summoner\Unity.TextMeshPro.csproj
                         OutputItemType=
                         ReferenceSourceTarget=ProjectReference
                         Targets=
                 D:\GitRepo\SUMMONER_Refactor\Workpiece\Summoner\Unity.TextMeshPro.Editor.csproj
                         OutputItemType=
                         ReferenceSourceTarget=ProjectReference
                         Targets=
                 D:\GitRepo\SUMMONER_Refactor\Workpiece\Summoner\Unity.2D.Aseprite.Editor.csproj
                         OutputItemType=
                         ReferenceSourceTarget=ProjectReference
                         Targets=
                 D:\GitRepo\SUMMONER_Refactor\Workpiece\Summoner\Unity.VisualScripting.State.csproj
                         OutputItemType=
                         ReferenceSourceTarget=ProjectReference
                         Targets=
                 D:\GitRepo\SUMMONER_Refactor\Workpiece\Summoner\Unity.2D.Animation.Editor.csproj
                         OutputItemType=
                         ReferenceSourceTarget=ProjectReference
                         Targets=
                 D:\GitRepo\SUMMONER_Refactor\Workpiece\Summoner\Unity.2D.IK.Editor.csproj
                         OutputItemType=
                         ReferenceSourceTarget=ProjectReference
                         Targets=
                 D:\GitRepo\SUMMONER_Refactor\Workpiece\Summoner\Unity.2D.SpriteShape.Editor.csproj
                         OutputItemType=
                         ReferenceSourceTarget=ProjectReference
                         Targets=
         출력 속성: _RestoreGraphAbsoluteProjectPaths=D:\GitRepo\SUMMONER_Refactor\Workpiece\Summoner\Unity.2D.IK.Runtime.csproj;D:\GitRepo\SUMMONER_Refactor\Workpiece\Summoner\Unity.EditorCoroutines.Editor.csproj;D:\GitRepo\SUMMONER_Refactor\Workpiece\Summoner\PsdPlugin.csproj;D:\GitRepo\SUMMONER_Refactor\Workpiece\Summoner\Unity.Burst.Editor.csproj;D:\GitRepo\SUMMONER_Refactor\Workpiece\Summoner\Unity.Burst.csproj;D:\GitRepo\SUMMONER_Refactor\Workpiece\Summoner\Unity.PlasticSCM.Editor.csproj;D:\GitRepo\SUMMONER_Refactor\Workpiece\Summoner\Unity.2D.Common.Path.Editor.csproj;D:\GitRepo\SUMMONER_Refactor\Workpiece\Summoner\Unity.Timeline.Editor.csproj;D:\GitRepo\SUMMONER_Refactor\Workpiece\Summoner\Unity.VisualScripting.Shared.Editor.csproj;D:\GitRepo\SUMMONER_Refactor\Workpiece\Summoner\Unity.VisualStudio.Editor.csproj;D:\GitRepo\SUMMONER_Refactor\Workpiece\Summoner\Unity.VisualScripting.Core.csproj;D:\GitRepo\SUMMONER_Refactor\Workpiece\Summoner\Unity.2D.Animation.Runtime.csproj;D:\GitRepo\SUMMONER_Refactor\Workpiece\Summoner\Unity.2D.Tilemap.Extras.csproj;D:\GitRepo\SUMMONER_Refactor\Workpiece\Summoner\Unity.VisualScripting.Core.Editor.csproj;D:\GitRepo\SUMMONER_Refactor\Workpiece\Summoner\Unity.Rider.Editor.csproj;D:\GitRepo\SUMMONER_Refactor\Workpiece\Summoner\Unity.2D.PixelPerfect.Editor.csproj;D:\GitRepo\SUMMONER_Refactor\Workpiece\Summoner\Unity.2D.Aseprite.Common.csproj;D:\GitRepo\SUMMONER_Refactor\Workpiece\Summoner\Unity.VisualScripting.Flow.csproj;D:\GitRepo\SUMMONER_Refactor\Workpiece\Summoner\Unity.VisualScripting.Flow.Editor.csproj;D:\GitRepo\SUMMONER_Refactor\Workpiece\Summoner\Unity.InternalAPIEngineBridge.001.csproj;D:\GitRepo\SUMMONER_Refactor\Workpiece\Summoner\Unity.Mathematics.Editor.csproj;D:\GitRepo\SUMMONER_Refactor\Workpiece\Summoner\Unity.2D.Common.Runtime.csproj;D:\GitRepo\SUMMONER_Refactor\Workpiece\Summoner\Unity.2D.Tilemap.Extras.Editor.csproj;D:\GitRepo\SUMMONER_Refactor\Workpiece\Summoner\Unity.Timeline.csproj;D:\GitRepo\SUMMONER_Refactor\Workpiece\Summoner\McpUnity.Editor.csproj;D:\GitRepo\SUMMONER_Refactor\Workpiece\Summoner\Unity.VisualScripting.SettingsProvider.Editor.csproj;D:\GitRepo\SUMMONER_Refactor\Workpiece\Summoner\Unity.Collections.csproj;D:\GitRepo\SUMMONER_Refactor\Workpiece\Summoner\Unity.2D.Psdimporter.Editor.csproj;D:\GitRepo\SUMMONER_Refactor\Workpiece\Summoner\Unity.InternalAPIEditorBridge.001.csproj;D:\GitRepo\SUMMONER_Refactor\Workpiece\Summoner\Unity.2D.SpriteShape.Runtime.csproj;D:\GitRepo\SUMMONER_Refactor\Workpiece\Summoner\Unity.VisualScripting.State.Editor.csproj;D:\GitRepo\SUMMONER_Refactor\Workpiece\Summoner\Unity.2D.PixelPerfect.csproj;D:\GitRepo\SUMMONER_Refactor\Workpiece\Summoner\Unity.Mathematics.csproj;D:\GitRepo\SUMMONER_Refactor\Workpiece\Summoner\Unity.2D.Common.Editor.csproj;D:\GitRepo\SUMMONER_Refactor\Workpiece\Summoner\Unity.TextMeshPro.csproj;D:\GitRepo\SUMMONER_Refactor\Workpiece\Summoner\Unity.TextMeshPro.Editor.csproj;D:\GitRepo\SUMMONER_Refactor\Workpiece\Summoner\Unity.2D.Aseprite.Editor.csproj;D:\GitRepo\SUMMONER_Refactor\Workpiece\Summoner\Unity.VisualScripting.State.csproj;D:\GitRepo\SUMMONER_Refactor\Workpiece\Summoner\Unity.2D.Animation.Editor.csproj;D:\GitRepo\SUMMONER_Refactor\Workpiece\Summoner\Unity.2D.IK.Editor.csproj;D:\GitRepo\SUMMONER_Refactor\Workpiece\Summoner\Unity.2D.SpriteShape.Editor.csproj
       "ConvertToAbsolutePath" 작업을 실행했습니다.
       추가된 항목: 
           _RestoreProjectPathItems=
               D:\GitRepo\SUMMONER_Refactor\Workpiece\Summoner\Unity.2D.IK.Runtime.csproj
               D:\GitRepo\SUMMONER_Refactor\Workpiece\Summoner\Unity.EditorCoroutines.Editor.csproj
               D:\GitRepo\SUMMONER_Refactor\Workpiece\Summoner\PsdPlugin.csproj
               D:\GitRepo\SUMMONER_Refactor\Workpiece\Summoner\Unity.Burst.Editor.csproj
               D:\GitRepo\SUMMONER_Refactor\Workpiece\Summoner\Unity.Burst.csproj
               D:\GitRepo\SUMMONER_Refactor\Workpiece\Summoner\Unity.PlasticSCM.Editor.csproj
               D:\GitRepo\SUMMONER_Refactor\Workpiece\Summoner\Unity.2D.Common.Path.Editor.csproj
               D:\GitRepo\SUMMONER_Refactor\Workpiece\Summoner\Unity.Timeline.Editor.csproj
               D:\GitRepo\SUMMONER_Refactor\Workpiece\Summoner\Unity.VisualScripting.Shared.Editor.csproj
               D:\GitRepo\SUMMONER_Refactor\Workpiece\Summoner\Unity.VisualStudio.Editor.csproj
               D:\GitRepo\SUMMONER_Refactor\Workpiece\Summoner\Unity.VisualScripting.Core.csproj
               D:\GitRepo\SUMMONER_Refactor\Workpiece\Summoner\Unity.2D.Animation.Runtime.csproj
               D:\GitRepo\SUMMONER_Refactor\Workpiece\Summoner\Unity.2D.Tilemap.Extras.csproj
               D:\GitRepo\SUMMONER_Refactor\Workpiece\Summoner\Unity.VisualScripting.Core.Editor.csproj
               D:\GitRepo\SUMMONER_Refactor\Workpiece\Summoner\Unity.Rider.Editor.csproj
               D:\GitRepo\SUMMONER_Refactor\Workpiece\Summoner\Unity.2D.PixelPerfect.Editor.csproj
               D:\GitRepo\SUMMONER_Refactor\Workpiece\Summoner\Unity.2D.Aseprite.Common.csproj
               D:\GitRepo\SUMMONER_Refactor\Workpiece\Summoner\Unity.VisualScripting.Flow.csproj
               D:\GitRepo\SUMMONER_Refactor\Workpiece\Summoner\Unity.VisualScripting.Flow.Editor.csproj
               D:\GitRepo\SUMMONER_Refactor\Workpiece\Summoner\Unity.InternalAPIEngineBridge.001.csproj
               D:\GitRepo\SUMMONER_Refactor\Workpiece\Summoner\Unity.Mathematics.Editor.csproj
               D:\GitRepo\SUMMONER_Refactor\Workpiece\Summoner\Unity.2D.Common.Runtime.csproj
               D:\GitRepo\SUMMONER_Refactor\Workpiece\Summoner\Unity.2D.Tilemap.Extras.Editor.csproj
               D:\GitRepo\SUMMONER_Refactor\Workpiece\Summoner\Unity.Timeline.csproj
               D:\GitRepo\SUMMONER_Refactor\Workpiece\Summoner\McpUnity.Editor.csproj
               D:\GitRepo\SUMMONER_Refactor\Workpiece\Summoner\Unity.VisualScripting.SettingsProvider.Editor.csproj
               D:\GitRepo\SUMMONER_Refactor\Workpiece\Summoner\Unity.Collections.csproj
               D:\GitRepo\SUMMONER_Refactor\Workpiece\Summoner\Unity.2D.Psdimporter.Editor.csproj
               D:\GitRepo\SUMMONER_Refactor\Workpiece\Summoner\Unity.InternalAPIEditorBridge.001.csproj
               D:\GitRepo\SUMMONER_Refactor\Workpiece\Summoner\Unity.2D.SpriteShape.Runtime.csproj
               D:\GitRepo\SUMMONER_Refactor\Workpiece\Summoner\Unity.VisualScripting.State.Editor.csproj
               D:\GitRepo\SUMMONER_Refactor\Workpiece\Summoner\Unity.2D.PixelPerfect.csproj
               D:\GitRepo\SUMMONER_Refactor\Workpiece\Summoner\Unity.Mathematics.csproj
               D:\GitRepo\SUMMONER_Refactor\Workpiece\Summoner\Unity.2D.Common.Editor.csproj
               D:\GitRepo\SUMMONER_Refactor\Workpiece\Summoner\Unity.TextMeshPro.csproj
               D:\GitRepo\SUMMONER_Refactor\Workpiece\Summoner\Unity.TextMeshPro.Editor.csproj
               D:\GitRepo\SUMMONER_Refactor\Workpiece\Summoner\Unity.2D.Aseprite.Editor.csproj
               D:\GitRepo\SUMMONER_Refactor\Workpiece\Summoner\Unity.VisualScripting.State.csproj
               D:\GitRepo\SUMMONER_Refactor\Workpiece\Summoner\Unity.2D.Animation.Editor.csproj
               D:\GitRepo\SUMMONER_Refactor\Workpiece\Summoner\Unity.2D.IK.Editor.csproj
               D:\GitRepo\SUMMONER_Refactor\Workpiece\Summoner\Unity.2D.SpriteShape.Editor.csproj
   1:3>"Assembly-CSharp.csproj" 프로젝트에 "_GenerateRestoreProjectPathItemsPerFramework" 대상을 빌드했습니다.
   1:3>"D:\GitRepo\SUMMONER_Refactor\Workpiece\Summoner\Assembly-CSharp.csproj" 프로젝트의 "C:\Program Files\dotnet\sdk\9.0.302\NuGet.targets" 파일에 있는 "_GenerateRestoreProjectPathItemsCurrentProject" 대상("_GenerateRestoreProjectPathItems" 대상이 종속됨):
   1:3>"Assembly-CSharp.csproj" 프로젝트에 "_GenerateRestoreProjectPathItemsCurrentProject" 대상을 빌드했습니다.
   1:3>"D:\GitRepo\SUMMONER_Refactor\Workpiece\Summoner\Assembly-CSharp.csproj" 프로젝트의 "C:\Program Files\dotnet\sdk\9.0.302\NuGet.targets" 파일에 있는 "_GenerateRestoreProjectPathItems" 대상("_GenerateRestoreProjectPathWalk" 대상이 종속됨):
       "RemoveDuplicates" 작업
         출력 항목: 
             _CurrentRestoreProjectPathItems=
                 D:\GitRepo\SUMMONER_Refactor\Workpiece\Summoner\Unity.2D.IK.Runtime.csproj
                 D:\GitRepo\SUMMONER_Refactor\Workpiece\Summoner\Unity.EditorCoroutines.Editor.csproj
                 D:\GitRepo\SUMMONER_Refactor\Workpiece\Summoner\PsdPlugin.csproj
                 D:\GitRepo\SUMMONER_Refactor\Workpiece\Summoner\Unity.Burst.Editor.csproj
                 D:\GitRepo\SUMMONER_Refactor\Workpiece\Summoner\Unity.Burst.csproj
                 D:\GitRepo\SUMMONER_Refactor\Workpiece\Summoner\Unity.PlasticSCM.Editor.csproj
                 D:\GitRepo\SUMMONER_Refactor\Workpiece\Summoner\Unity.2D.Common.Path.Editor.csproj
                 D:\GitRepo\SUMMONER_Refactor\Workpiece\Summoner\Unity.Timeline.Editor.csproj
                 D:\GitRepo\SUMMONER_Refactor\Workpiece\Summoner\Unity.VisualScripting.Shared.Editor.csproj
                 D:\GitRepo\SUMMONER_Refactor\Workpiece\Summoner\Unity.VisualStudio.Editor.csproj
                 D:\GitRepo\SUMMONER_Refactor\Workpiece\Summoner\Unity.VisualScripting.Core.csproj
                 D:\GitRepo\SUMMONER_Refactor\Workpiece\Summoner\Unity.2D.Animation.Runtime.csproj
                 D:\GitRepo\SUMMONER_Refactor\Workpiece\Summoner\Unity.2D.Tilemap.Extras.csproj
                 D:\GitRepo\SUMMONER_Refactor\Workpiece\Summoner\Unity.VisualScripting.Core.Editor.csproj
                 D:\GitRepo\SUMMONER_Refactor\Workpiece\Summoner\Unity.Rider.Editor.csproj
                 D:\GitRepo\SUMMONER_Refactor\Workpiece\Summoner\Unity.2D.PixelPerfect.Editor.csproj
                 D:\GitRepo\SUMMONER_Refactor\Workpiece\Summoner\Unity.2D.Aseprite.Common.csproj
                 D:\GitRepo\SUMMONER_Refactor\Workpiece\Summoner\Unity.VisualScripting.Flow.csproj
                 D:\GitRepo\SUMMONER_Refactor\Workpiece\Summoner\Unity.VisualScripting.Flow.Editor.csproj
                 D:\GitRepo\SUMMONER_Refactor\Workpiece\Summoner\Unity.InternalAPIEngineBridge.001.csproj
                 D:\GitRepo\SUMMONER_Refactor\Workpiece\Summoner\Unity.Mathematics.Editor.csproj
                 D:\GitRepo\SUMMONER_Refactor\Workpiece\Summoner\Unity.2D.Common.Runtime.csproj
                 D:\GitRepo\SUMMONER_Refactor\Workpiece\Summoner\Unity.2D.Tilemap.Extras.Editor.csproj
                 D:\GitRepo\SUMMONER_Refactor\Workpiece\Summoner\Unity.Timeline.csproj
                 D:\GitRepo\SUMMONER_Refactor\Workpiece\Summoner\McpUnity.Editor.csproj
                 D:\GitRepo\SUMMONER_Refactor\Workpiece\Summoner\Unity.VisualScripting.SettingsProvider.Editor.csproj
                 D:\GitRepo\SUMMONER_Refactor\Workpiece\Summoner\Unity.Collections.csproj
                 D:\GitRepo\SUMMONER_Refactor\Workpiece\Summoner\Unity.2D.Psdimporter.Editor.csproj
                 D:\GitRepo\SUMMONER_Refactor\Workpiece\Summoner\Unity.InternalAPIEditorBridge.001.csproj
                 D:\GitRepo\SUMMONER_Refactor\Workpiece\Summoner\Unity.2D.SpriteShape.Runtime.csproj
                 D:\GitRepo\SUMMONER_Refactor\Workpiece\Summoner\Unity.VisualScripting.State.Editor.csproj
                 D:\GitRepo\SUMMONER_Refactor\Workpiece\Summoner\Unity.2D.PixelPerfect.csproj
                 D:\GitRepo\SUMMONER_Refactor\Workpiece\Summoner\Unity.Mathematics.csproj
                 D:\GitRepo\SUMMONER_Refactor\Workpiece\Summoner\Unity.2D.Common.Editor.csproj
                 D:\GitRepo\SUMMONER_Refactor\Workpiece\Summoner\Unity.TextMeshPro.csproj
                 D:\GitRepo\SUMMONER_Refactor\Workpiece\Summoner\Unity.TextMeshPro.Editor.csproj
                 D:\GitRepo\SUMMONER_Refactor\Workpiece\Summoner\Unity.2D.Aseprite.Editor.csproj
                 D:\GitRepo\SUMMONER_Refactor\Workpiece\Summoner\Unity.VisualScripting.State.csproj
                 D:\GitRepo\SUMMONER_Refactor\Workpiece\Summoner\Unity.2D.Animation.Editor.csproj
                 D:\GitRepo\SUMMONER_Refactor\Workpiece\Summoner\Unity.2D.IK.Editor.csproj
                 D:\GitRepo\SUMMONER_Refactor\Workpiece\Summoner\Unity.2D.SpriteShape.Editor.csproj
       "RemoveDuplicates" 작업을 실행했습니다.
   1:3>"Assembly-CSharp.csproj" 프로젝트에 "_GenerateRestoreProjectPathItems" 대상을 빌드했습니다.
   1:3>"D:\GitRepo\SUMMONER_Refactor\Workpiece\Summoner\Assembly-CSharp.csproj" 프로젝트의 "C:\Program Files\dotnet\sdk\9.0.302\NuGet.targets" 파일에 있는 "_GenerateRestoreProjectPathWalk" 대상(진입점):
       "MSBuild" 작업
         작업 매개 변수:SkipNonexistentTargets=True
         작업 매개 변수:SkipNonexistentProjects=true
         작업 매개 변수:BuildInParallel=True
         작업 매개 변수:
             Projects=
                 D:\GitRepo\SUMMONER_Refactor\Workpiece\Summoner\Unity.2D.IK.Runtime.csproj
                 D:\GitRepo\SUMMONER_Refactor\Workpiece\Summoner\Unity.EditorCoroutines.Editor.csproj
                 D:\GitRepo\SUMMONER_Refactor\Workpiece\Summoner\PsdPlugin.csproj
                 D:\GitRepo\SUMMONER_Refactor\Workpiece\Summoner\Unity.Burst.Editor.csproj
                 D:\GitRepo\SUMMONER_Refactor\Workpiece\Summoner\Unity.Burst.csproj
                 D:\GitRepo\SUMMONER_Refactor\Workpiece\Summoner\Unity.PlasticSCM.Editor.csproj
                 D:\GitRepo\SUMMONER_Refactor\Workpiece\Summoner\Unity.2D.Common.Path.Editor.csproj
                 D:\GitRepo\SUMMONER_Refactor\Workpiece\Summoner\Unity.Timeline.Editor.csproj
                 D:\GitRepo\SUMMONER_Refactor\Workpiece\Summoner\Unity.VisualScripting.Shared.Editor.csproj
                 D:\GitRepo\SUMMONER_Refactor\Workpiece\Summoner\Unity.VisualStudio.Editor.csproj
                 D:\GitRepo\SUMMONER_Refactor\Workpiece\Summoner\Unity.VisualScripting.Core.csproj
                 D:\GitRepo\SUMMONER_Refactor\Workpiece\Summoner\Unity.2D.Animation.Runtime.csproj
                 D:\GitRepo\SUMMONER_Refactor\Workpiece\Summoner\Unity.2D.Tilemap.Extras.csproj
                 D:\GitRepo\SUMMONER_Refactor\Workpiece\Summoner\Unity.VisualScripting.Core.Editor.csproj
                 D:\GitRepo\SUMMONER_Refactor\Workpiece\Summoner\Unity.Rider.Editor.csproj
                 D:\GitRepo\SUMMONER_Refactor\Workpiece\Summoner\Unity.2D.PixelPerfect.Editor.csproj
                 D:\GitRepo\SUMMONER_Refactor\Workpiece\Summoner\Unity.2D.Aseprite.Common.csproj
                 D:\GitRepo\SUMMONER_Refactor\Workpiece\Summoner\Unity.VisualScripting.Flow.csproj
                 D:\GitRepo\SUMMONER_Refactor\Workpiece\Summoner\Unity.VisualScripting.Flow.Editor.csproj
                 D:\GitRepo\SUMMONER_Refactor\Workpiece\Summoner\Unity.InternalAPIEngineBridge.001.csproj
                 D:\GitRepo\SUMMONER_Refactor\Workpiece\Summoner\Unity.Mathematics.Editor.csproj
                 D:\GitRepo\SUMMONER_Refactor\Workpiece\Summoner\Unity.2D.Common.Runtime.csproj
                 D:\GitRepo\SUMMONER_Refactor\Workpiece\Summoner\Unity.2D.Tilemap.Extras.Editor.csproj
                 D:\GitRepo\SUMMONER_Refactor\Workpiece\Summoner\Unity.Timeline.csproj
                 D:\GitRepo\SUMMONER_Refactor\Workpiece\Summoner\McpUnity.Editor.csproj
                 D:\GitRepo\SUMMONER_Refactor\Workpiece\Summoner\Unity.VisualScripting.SettingsProvider.Editor.csproj
                 D:\GitRepo\SUMMONER_Refactor\Workpiece\Summoner\Unity.Collections.csproj
                 D:\GitRepo\SUMMONER_Refactor\Workpiece\Summoner\Unity.2D.Psdimporter.Editor.csproj
                 D:\GitRepo\SUMMONER_Refactor\Workpiece\Summoner\Unity.InternalAPIEditorBridge.001.csproj
                 D:\GitRepo\SUMMONER_Refactor\Workpiece\Summoner\Unity.2D.SpriteShape.Runtime.csproj
                 D:\GitRepo\SUMMONER_Refactor\Workpiece\Summoner\Unity.VisualScripting.State.Editor.csproj
                 D:\GitRepo\SUMMONER_Refactor\Workpiece\Summoner\Unity.2D.PixelPerfect.csproj
                 D:\GitRepo\SUMMONER_Refactor\Workpiece\Summoner\Unity.Mathematics.csproj
                 D:\GitRepo\SUMMONER_Refactor\Workpiece\Summoner\Unity.2D.Common.Editor.csproj
                 D:\GitRepo\SUMMONER_Refactor\Workpiece\Summoner\Unity.TextMeshPro.csproj
                 D:\GitRepo\SUMMONER_Refactor\Workpiece\Summoner\Unity.TextMeshPro.Editor.csproj
                 D:\GitRepo\SUMMONER_Refactor\Workpiece\Summoner\Unity.2D.Aseprite.Editor.csproj
                 D:\GitRepo\SUMMONER_Refactor\Workpiece\Summoner\Unity.VisualScripting.State.csproj
                 D:\GitRepo\SUMMONER_Refactor\Workpiece\Summoner\Unity.2D.Animation.Editor.csproj
                 D:\GitRepo\SUMMONER_Refactor\Workpiece\Summoner\Unity.2D.IK.Editor.csproj
                 D:\GitRepo\SUMMONER_Refactor\Workpiece\Summoner\Unity.2D.SpriteShape.Editor.csproj
         작업 매개 변수:Targets=_GenerateRestoreProjectPathWalk
         작업 매개 변수:Properties=ExcludeRestorePackageImports=true
         전역 속성:
           ExcludeRestorePackageImports=true
     0>C:\Program Files\dotnet\sdk\9.0.302\Sdks\Microsoft.NET.Sdk\Sdk\Sdk.props(49,11): message : 환경에서 값이 'MSBuildExtensionsPath'인 속성 'C:\Program Files\dotnet\sdk\9.0.302\'이(가) 확장되었습니다.
       C:\Program Files\dotnet\sdk\9.0.302\Current\Microsoft.Common.props(51,5): message : 속성 재할당: $(BaseIntermediateOutputPath)=C:\Program Files\dotnet\sdk\9.0.302\Current\Microsoft.Common.props (51,5)의 "Temp\obj\\Unity.2D.IK.Runtime\"(이전 값: "Temp\obj\\Unity.2D.IK.Runtime")
       C:\Program Files\dotnet\sdk\9.0.302\Current\Microsoft.Common.props(60,5): message : 속성 재할당: $(MSBuildProjectExtensionsPath)=C:\Program Files\dotnet\sdk\9.0.302\Current\Microsoft.Common.props (60,5)의 "D:\GitRepo\SUMMONER_Refactor\Workpiece\Summoner\Temp\obj\\Unity.2D.IK.Runtime\"(이전 값: "Temp\obj\\Unity.2D.IK.Runtime\")
       C:\Program Files\dotnet\sdk\9.0.302\Current\Microsoft.Common.props(84,119): message : 환경에서 값이 'MSBuildUserExtensionsPath'인 속성 'C:\Users\rudgn\AppData\Local\Microsoft\MSBuild'이(가) 확장되었습니다.
       C:\Program Files\dotnet\sdk\9.0.302\Sdks\Microsoft.NET.Sdk\targets\Microsoft.NET.Sdk.props(90,5): message : 속성 재할당: $(AssemblySearchPaths)=C:\Program Files\dotnet\sdk\9.0.302\Sdks\Microsoft.NET.Sdk\targets\Microsoft.NET.Sdk.props (90,5)의 "{CandidateAssemblyFiles};{HintPathFromItem}"(이전 값: "{CandidateAssemblyFiles}")
       C:\Program Files\dotnet\sdk\9.0.302\Sdks\Microsoft.NET.Sdk\targets\Microsoft.NET.Sdk.props(91,5): message : 속성 재할당: $(AssemblySearchPaths)=C:\Program Files\dotnet\sdk\9.0.302\Sdks\Microsoft.NET.Sdk\targets\Microsoft.NET.Sdk.props (91,5)의 "{CandidateAssemblyFiles};{HintPathFromItem};{TargetFrameworkDirectory}"(이전 값: "{CandidateAssemblyFiles};{HintPathFromItem}")
       C:\Program Files\dotnet\sdk\9.0.302\Sdks\Microsoft.NET.Sdk\targets\Microsoft.NET.Sdk.props(92,5): message : 속성 재할당: $(AssemblySearchPaths)=C:\Program Files\dotnet\sdk\9.0.302\Sdks\Microsoft.NET.Sdk\targets\Microsoft.NET.Sdk.props (92,5)의 "{CandidateAssemblyFiles};{HintPathFromItem};{TargetFrameworkDirectory};{RawFileName}"(이전 값: "{CandidateAssemblyFiles};{HintPathFromItem};{TargetFrameworkDirectory}")
       C:\Program Files\dotnet\sdk\9.0.302\Sdks\Microsoft.NET.Sdk\targets\Microsoft.NET.PackProjectTool.props(15,5): message : 속성 재할당: $(TargetsForTfmSpecificContentInPackage)=C:\Program Files\dotnet\sdk\9.0.302\Sdks\Microsoft.NET.Sdk\targets\Microsoft.NET.PackProjectTool.props (15,5)의 ";PackTool;_PackProjectToolValidation"(이전 값: ";PackTool")
       D:\GitRepo\SUMMONER_Refactor\Workpiece\Summoner\Unity.2D.IK.Runtime.csproj(19,5): message : 속성 재할당: $(RootNamespace)=D:\GitRepo\SUMMONER_Refactor\Workpiece\Summoner\Unity.2D.IK.Runtime.csproj (19,5)의 ""(이전 값: "Unity.2D.IK.Runtime")
       D:\GitRepo\SUMMONER_Refactor\Workpiece\Summoner\Unity.2D.IK.Runtime.csproj(28,5): message : 속성 재할당: $(DebugType)=D:\GitRepo\SUMMONER_Refactor\Workpiece\Summoner\Unity.2D.IK.Runtime.csproj (28,5)의 "full"(이전 값: "portable")
       D:\GitRepo\SUMMONER_Refactor\Workpiece\Summoner\Unity.2D.IK.Runtime.csproj(31,5): message : 속성 재할당: $(DefineConstants)=D:\GitRepo\SUMMONER_Refactor\Workpiece\Summoner\Unity.2D.IK.Runtime.csproj (31,5)의 "UNITY_2022_3_44;UNITY_2022_3;UNITY_2022;UNITY_5_3_OR_NEWER;UNITY_5_4_OR_NEWER;UNITY_5_5_OR_NEWER;UNITY_5_6_OR_NEWER;UNITY_2017_1_OR_NEWER;UNITY_2017_2_OR_NEWER;UNITY_2017_3_OR_NEWER;UNITY_2017_4_OR_NEWER;UNITY_2018_1_OR_NEWER;UNITY_2018_2_OR_NEWER;UNITY_2018_3_OR_NEWER;UNITY_2018_4_OR_NEWER;UNITY_2019_1_OR_NEWER;UNITY_2019_2_OR_NEWER;UNITY_2019_3_OR_NEWER;UNITY_2019_4_OR_NEWER;UNITY_2020_1_OR_NEWER;UNITY_2020_2_OR_NEWER;UNITY_2020_3_OR_NEWER;UNITY_2021_1_OR_NEWER;UNITY_2021_2_OR_NEWER;UNITY_2021_3_OR_NEWER;UNITY_2022_1_OR_NEWER;UNITY_2022_2_OR_NEWER;UNITY_2022_3_OR_NEWER;PLATFORM_ARCH_64;UNITY_64;UNITY_INCLUDE_TESTS;ENABLE_AR;ENABLE_AUDIO;ENABLE_CACHING;ENABLE_CLOTH;ENABLE_EVENT_QUEUE;ENABLE_MICROPHONE;ENABLE_MULTIPLE_DISPLAYS;ENABLE_PHYSICS;ENABLE_TEXTURE_STREAMING;ENABLE_VIRTUALTEXTURING;ENABLE_LZMA;ENABLE_UNITYEVENTS;ENABLE_VR;ENABLE_WEBCAM;ENABLE_UNITYWEBREQUEST;ENABLE_WWW;ENABLE_CLOUD_SERVICES;ENABLE_CLOUD_SERVICES_ADS;ENABLE_CLOUD_SERVICES_USE_WEBREQUEST;ENABLE_CLOUD_SERVICES_CRASH_REPORTING;ENABLE_CLOUD_SERVICES_PURCHASING;ENABLE_CLOUD_SERVICES_ANALYTICS;ENABLE_CLOUD_SERVICES_BUILD;ENABLE_EDITOR_GAME_SERVICES;ENABLE_UNITY_GAME_SERVICES_ANALYTICS_SUPPORT;ENABLE_CLOUD_LICENSE;ENABLE_EDITOR_HUB_LICENSE;ENABLE_WEBSOCKET_CLIENT;ENABLE_GENERATE_NATIVE_PLUGINS_FOR_ASSEMBLIES_API;ENABLE_DIRECTOR_AUDIO;ENABLE_DIRECTOR_TEXTURE;ENABLE_MANAGED_JOBS;ENABLE_MANAGED_TRANSFORM_JOBS;ENABLE_MANAGED_ANIMATION_JOBS;ENABLE_MANAGED_AUDIO_JOBS;ENABLE_MANAGED_UNITYTLS;INCLUDE_DYNAMIC_GI;ENABLE_SCRIPTING_GC_WBARRIERS;PLATFORM_SUPPORTS_MONO;RENDER_SOFTWARE_CURSOR;ENABLE_VIDEO;ENABLE_ACCELERATOR_CLIENT_DEBUGGING;ENABLE_NAVIGATION_PACKAGE_DEBUG_VISUALIZATION;ENABLE_NAVIGATION_HEIGHTMESH_RUNTIME_SUPPORT;ENABLE_NAVIGATION_UI_REQUIRES_PACKAGE;PLATFORM_STANDALONE;TEXTCORE_1_0_OR_NEWER;PLATFORM_STANDALONE_WIN;UNITY_STANDALONE_WIN;UNITY_STANDALONE;ENABLE_RUNTIME_GI;ENABLE_MOVIES;ENABLE_NETWORK;ENABLE_NVIDIA;ENABLE_CRUNCH_TEXTURE_COMPRESSION;ENABLE_OUT_OF_PROCESS_CRASH_HANDLER;ENABLE_CLUSTER_SYNC;ENABLE_CLUSTERINPUT;PLATFORM_UPDATES_TIME_OUTSIDE_OF_PLAYER_LOOP;GFXDEVICE_WAITFOREVENT_MESSAGEPUMP;PLATFORM_INITIALIZES_MEMORY_MANAGER_EXPLICITLY;ENABLE_MONO;NET_STANDARD_2_0;NET_STANDARD;NET_STANDARD_2_1;NETSTANDARD;NETSTANDARD2_1;ENABLE_PROFILER;DEBUG;TRACE;UNITY_ASSERTIONS;UNITY_EDITOR;UNITY_EDITOR_64;UNITY_EDITOR_WIN;ENABLE_UNITY_COLLECTIONS_CHECKS;ENABLE_BURST_AOT;UNITY_TEAM_LICENSE;ENABLE_CUSTOM_RENDER_TEXTURE;ENABLE_DIRECTOR;ENABLE_LOCALIZATION;ENABLE_SPRITES;ENABLE_TERRAIN;ENABLE_TILEMAP;ENABLE_TIMELINE;ENABLE_LEGACY_INPUT_MANAGER;TEXTCORE_FONT_ENGINE_1_5_OR_NEWER;CSHARP_7_OR_LATER;CSHARP_7_3_OR_NEWER"(이전 값: "TRACE")
       D:\GitRepo\SUMMONER_Refactor\Workpiece\Summoner\Unity.2D.IK.Runtime.csproj(34,5): message : 속성 재할당: $(NoWarn)=D:\GitRepo\SUMMONER_Refactor\Workpiece\Summoner\Unity.2D.IK.Runtime.csproj (34,5)의 "0169;USG0001"(이전 값: "1701;1702")
       D:\GitRepo\SUMMONER_Refactor\Workpiece\Summoner\Unity.2D.IK.Runtime.csproj(35,5): message : 속성 재할당: $(AllowUnsafeBlocks)=D:\GitRepo\SUMMONER_Refactor\Workpiece\Summoner\Unity.2D.IK.Runtime.csproj (35,5)의 "False"(이전 값: "false")
       C:\Program Files\dotnet\sdk\9.0.302\Sdks\Microsoft.NET.Sdk\targets\Microsoft.NET.Sdk.ImportPublishProfile.targets(28,5): message : 속성 재할당: $(PublishProfileImported)=C:\Program Files\dotnet\sdk\9.0.302\Sdks\Microsoft.NET.Sdk\targets\Microsoft.NET.Sdk.ImportPublishProfile.targets (28,5)의 "false"(이전 값: "true")
       C:\Program Files\dotnet\sdk\9.0.302\Sdks\Microsoft.NET.Sdk\targets\Microsoft.NET.TargetFrameworkInference.targets(69,5): message : 속성 재할당: $(TargetPlatformVersion)=C:\Program Files\dotnet\sdk\9.0.302\Sdks\Microsoft.NET.Sdk\targets\Microsoft.NET.TargetFrameworkInference.targets (69,5)의 ""(이전 값: "0.0")
       C:\Program Files\dotnet\sdk\9.0.302\Sdks\Microsoft.NET.Sdk\targets\Microsoft.NET.DefaultOutputPaths.targets(109,5): message : 속성 재할당: $(IntermediateOutputPath)=C:\Program Files\dotnet\sdk\9.0.302\Sdks\Microsoft.NET.Sdk\targets\Microsoft.NET.DefaultOutputPaths.targets (109,5)의 "Temp\obj\\Unity.2D.IK.Runtime\"(이전 값: "Temp\obj\\Unity.2D.IK.Runtime")
       C:\Program Files\dotnet\sdk\9.0.302\Sdks\Microsoft.NET.Sdk\targets\Microsoft.NET.DefaultOutputPaths.targets(122,5): message : 속성 재할당: $(DefaultItemExcludes)=C:\Program Files\dotnet\sdk\9.0.302\Sdks\Microsoft.NET.Sdk\targets\Microsoft.NET.DefaultOutputPaths.targets (122,5)의 ";Temp\bin\Debug\/**;Temp\obj\\Unity.2D.IK.Runtime\/**"(이전 값: ";Temp\bin\Debug\/**")
       C:\Program Files\dotnet\sdk\9.0.302\Sdks\Microsoft.NET.Sdk\targets\Microsoft.NET.Sdk.BeforeCommon.targets(192,5): message : 속성 재할당: $(_FrameworkVersionForImplicitDefine)=C:\Program Files\dotnet\sdk\9.0.302\Sdks\Microsoft.NET.Sdk\targets\Microsoft.NET.Sdk.BeforeCommon.targets (192,5)의 "2_1"(이전 값: "2.1")
       C:\Program Files\dotnet\sdk\9.0.302\Roslyn\Microsoft.CSharp.Core.targets(200,5): message : 속성 재할당: $(CommandLineArgsForDesignTimeEvaluation)=C:\Program Files\dotnet\sdk\9.0.302\Roslyn\Microsoft.CSharp.Core.targets (200,5)의 "-langversion:9.0 -define:UNITY_2022_3_44;UNITY_2022_3;UNITY_2022;UNITY_5_3_OR_NEWER;UNITY_5_4_OR_NEWER;UNITY_5_5_OR_NEWER;UNITY_5_6_OR_NEWER;UNITY_2017_1_OR_NEWER;UNITY_2017_2_OR_NEWER;UNITY_2017_3_OR_NEWER;UNITY_2017_4_OR_NEWER;UNITY_2018_1_OR_NEWER;UNITY_2018_2_OR_NEWER;UNITY_2018_3_OR_NEWER;UNITY_2018_4_OR_NEWER;UNITY_2019_1_OR_NEWER;UNITY_2019_2_OR_NEWER;UNITY_2019_3_OR_NEWER;UNITY_2019_4_OR_NEWER;UNITY_2020_1_OR_NEWER;UNITY_2020_2_OR_NEWER;UNITY_2020_3_OR_NEWER;UNITY_2021_1_OR_NEWER;UNITY_2021_2_OR_NEWER;UNITY_2021_3_OR_NEWER;UNITY_2022_1_OR_NEWER;UNITY_2022_2_OR_NEWER;UNITY_2022_3_OR_NEWER;PLATFORM_ARCH_64;UNITY_64;UNITY_INCLUDE_TESTS;ENABLE_AR;ENABLE_AUDIO;ENABLE_CACHING;ENABLE_CLOTH;ENABLE_EVENT_QUEUE;ENABLE_MICROPHONE;ENABLE_MULTIPLE_DISPLAYS;ENABLE_PHYSICS;ENABLE_TEXTURE_STREAMING;ENABLE_VIRTUALTEXTURING;ENABLE_LZMA;ENABLE_UNITYEVENTS;ENABLE_VR;ENABLE_WEBCAM;ENABLE_UNITYWEBREQUEST;ENABLE_WWW;ENABLE_CLOUD_SERVICES;ENABLE_CLOUD_SERVICES_ADS;ENABLE_CLOUD_SERVICES_USE_WEBREQUEST;ENABLE_CLOUD_SERVICES_CRASH_REPORTING;ENABLE_CLOUD_SERVICES_PURCHASING;ENABLE_CLOUD_SERVICES_ANALYTICS;ENABLE_CLOUD_SERVICES_BUILD;ENABLE_EDITOR_GAME_SERVICES;ENABLE_UNITY_GAME_SERVICES_ANALYTICS_SUPPORT;ENABLE_CLOUD_LICENSE;ENABLE_EDITOR_HUB_LICENSE;ENABLE_WEBSOCKET_CLIENT;ENABLE_GENERATE_NATIVE_PLUGINS_FOR_ASSEMBLIES_API;ENABLE_DIRECTOR_AUDIO;ENABLE_DIRECTOR_TEXTURE;ENABLE_MANAGED_JOBS;ENABLE_MANAGED_TRANSFORM_JOBS;ENABLE_MANAGED_ANIMATION_JOBS;ENABLE_MANAGED_AUDIO_JOBS;ENABLE_MANAGED_UNITYTLS;INCLUDE_DYNAMIC_GI;ENABLE_SCRIPTING_GC_WBARRIERS;PLATFORM_SUPPORTS_MONO;RENDER_SOFTWARE_CURSOR;ENABLE_VIDEO;ENABLE_ACCELERATOR_CLIENT_DEBUGGING;ENABLE_NAVIGATION_PACKAGE_DEBUG_VISUALIZATION;ENABLE_NAVIGATION_HEIGHTMESH_RUNTIME_SUPPORT;ENABLE_NAVIGATION_UI_REQUIRES_PACKAGE;PLATFORM_STANDALONE;TEXTCORE_1_0_OR_NEWER;PLATFORM_STANDALONE_WIN;UNITY_STANDALONE_WIN;UNITY_STANDALONE;ENABLE_RUNTIME_GI;ENABLE_MOVIES;ENABLE_NETWORK;ENABLE_NVIDIA;ENABLE_CRUNCH_TEXTURE_COMPRESSION;ENABLE_OUT_OF_PROCESS_CRASH_HANDLER;ENABLE_CLUSTER_SYNC;ENABLE_CLUSTERINPUT;PLATFORM_UPDATES_TIME_OUTSIDE_OF_PLAYER_LOOP;GFXDEVICE_WAITFOREVENT_MESSAGEPUMP;PLATFORM_INITIALIZES_MEMORY_MANAGER_EXPLICITLY;ENABLE_MONO;NET_STANDARD_2_0;NET_STANDARD;NET_STANDARD_2_1;NETSTANDARD;NETSTANDARD2_1;ENABLE_PROFILER;DEBUG;TRACE;UNITY_ASSERTIONS;UNITY_EDITOR;UNITY_EDITOR_64;UNITY_EDITOR_WIN;ENABLE_UNITY_COLLECTIONS_CHECKS;ENABLE_BURST_AOT;UNITY_TEAM_LICENSE;ENABLE_CUSTOM_RENDER_TEXTURE;ENABLE_DIRECTOR;ENABLE_LOCALIZATION;ENABLE_SPRITES;ENABLE_TERRAIN;ENABLE_TILEMAP;ENABLE_TIMELINE;ENABLE_LEGACY_INPUT_MANAGER;TEXTCORE_FONT_ENGINE_1_5_OR_NEWER;CSHARP_7_OR_LATER;CSHARP_7_3_OR_NEWER"(이전 값: "-langversion:9.0")
       C:\Program Files\dotnet\sdk\9.0.302\Microsoft.Common.CurrentVersion.targets(89,5): message : 속성 재할당: $(TargetPlatformIdentifier)=C:\Program Files\dotnet\sdk\9.0.302\Microsoft.Common.CurrentVersion.targets (89,5)의 "Windows"(이전 값: "")
       C:\Program Files\dotnet\sdk\9.0.302\Microsoft.Common.CurrentVersion.targets(90,5): message : 속성 재할당: $(TargetPlatformVersion)=C:\Program Files\dotnet\sdk\9.0.302\Microsoft.Common.CurrentVersion.targets (90,5)의 "7.0"(이전 값: "")
       C:\Program Files\dotnet\sdk\9.0.302\Microsoft.Common.CurrentVersion.targets(175,5): message : 속성 재할당: $(_DebugSymbolsProduced)=C:\Program Files\dotnet\sdk\9.0.302\Microsoft.Common.CurrentVersion.targets (175,5)의 "true"(이전 값: "false")
       C:\Program Files\dotnet\sdk\9.0.302\Microsoft.Common.CurrentVersion.targets(185,5): message : 속성 재할당: $(_DocumentationFileProduced)=C:\Program Files\dotnet\sdk\9.0.302\Microsoft.Common.CurrentVersion.targets (185,5)의 "false"(이전 값: "true")
       C:\Program Files\dotnet\sdk\9.0.302\Microsoft.Common.CurrentVersion.targets(392,5): message : 속성 재할당: $(MSBuildCopyMarkerName)=C:\Program Files\dotnet\sdk\9.0.302\Microsoft.Common.CurrentVersion.targets (392,5)의 "Unity.2D.2FBC94C1"(이전 값: "Unity.2D.IK.Runtime.csproj")
       C:\Program Files\dotnet\sdk\9.0.302\Microsoft.Common.CurrentVersion.targets(393,5): message : 속성 재할당: $(MSBuildCopyMarkerName)=C:\Program Files\dotnet\sdk\9.0.302\Microsoft.Common.CurrentVersion.targets (393,5)의 "Unity.2D.2FBC94C1.Up2Date"(이전 값: "Unity.2D.2FBC94C1")
       C:\Program Files\dotnet\sdk\9.0.302\Microsoft.Common.CurrentVersion.targets(541,5): message : 속성 재할당: $(ProcessorArchitecture)=C:\Program Files\dotnet\sdk\9.0.302\Microsoft.Common.CurrentVersion.targets (541,5)의 "msil"(이전 값: "")
       C:\Program Files\dotnet\sdk\9.0.302\Microsoft.Common.CurrentVersion.targets(580,5): message : 속성 재할당: $(DelaySign)=C:\Program Files\dotnet\sdk\9.0.302\Microsoft.Common.CurrentVersion.targets (580,5)의 ""(이전 값: "false")
       C:\Program Files\dotnet\sdk\9.0.302\Microsoft.Common.CurrentVersion.targets(2620,5): message : 환경에서 값이 'LOCALAPPDATA'인 속성 'C:\Users\rudgn\AppData\Local'이(가) 확장되었습니다.
       C:\Program Files\dotnet\sdk\9.0.302\Microsoft.Common.CurrentVersion.targets(3948,5): message : 속성 재할당: $(_SGenGenerateSerializationAssembliesConfig)=C:\Program Files\dotnet\sdk\9.0.302\Microsoft.Common.CurrentVersion.targets (3948,5)의 "Auto"(이전 값: "")
       C:\Program Files\dotnet\sdk\9.0.302\Microsoft.Common.CurrentVersion.targets(3949,5): message : 속성 재할당: $(_SGenGenerateSerializationAssembliesConfig)=C:\Program Files\dotnet\sdk\9.0.302\Microsoft.Common.CurrentVersion.targets (3949,5)의 "Off"(이전 값: "Auto")
       C:\Program Files\dotnet\sdk\9.0.302\Microsoft.Common.CurrentVersion.targets(5160,5): message : 속성 재할당: $(_TargetsThatPrepareProjectReferences)=C:\Program Files\dotnet\sdk\9.0.302\Microsoft.Common.CurrentVersion.targets (5160,5)의 "
       C:\Program Files\dotnet\sdk\9.0.302\Microsoft.Common.CurrentVersion.targets(5160,5): message :       AssignProjectConfiguration;
       C:\Program Files\dotnet\sdk\9.0.302\Microsoft.Common.CurrentVersion.targets(5160,5): message :       _SplitProjectReferencesByFileExistence
       C:\Program Files\dotnet\sdk\9.0.302\Microsoft.Common.CurrentVersion.targets(5160,5): message :     "(이전 값: "_SplitProjectReferencesByFileExistence")
       C:\Program Files\dotnet\sdk\9.0.302\Microsoft.Common.CurrentVersion.targets(6955,5): message : 환경에서 값이 'MSBuildExtensionsPath32'인 속성 'C:\Program Files\dotnet\sdk\9.0.302'이(가) 확장되었습니다.
       Evaluation 동안 로드된 어셈블리: System.IO.Pipes, Version=9.0.0.0, Culture=neutral, PublicKeyToken=b03f5f7f11d50a3a(위치: C:\Program Files\dotnet\shared\Microsoft.NETCore.App\9.0.7\System.IO.Pipes.dll, MVID: 8d9b284c-5b0a-4d52-ad53-0e341651ad47, AssemblyLoadContext: Default)
       C:\Program Files\dotnet\sdk\9.0.302\Sdks\Microsoft.NET.Sdk\targets\Microsoft.PackageDependencyResolution.targets(24,5): message : 속성 재할당: $(ProjectAssetsFile)=C:\Program Files\dotnet\sdk\9.0.302\Sdks\Microsoft.NET.Sdk\targets\Microsoft.PackageDependencyResolution.targets (24,5)의 "D:\GitRepo\SUMMONER_Refactor\Workpiece\Summoner\Temp\obj\Unity.2D.IK.Runtime\project.assets.json"(이전 값: "D:\GitRepo\SUMMONER_Refactor\Workpiece\Summoner\Temp\obj\\Unity.2D.IK.Runtime\/project.assets.json")
       C:\Program Files\dotnet\sdk\9.0.302\Sdks\Microsoft.NET.Sdk\targets\Microsoft.PackageDependencyResolution.targets(29,5): message : 속성 재할당: $(ProjectAssetsCacheFile)=C:\Program Files\dotnet\sdk\9.0.302\Sdks\Microsoft.NET.Sdk\targets\Microsoft.PackageDependencyResolution.targets (29,5)의 "D:\GitRepo\SUMMONER_Refactor\Workpiece\Summoner\Temp\obj\Unity.2D.IK.Runtime\Unity.2D.IK.Runtime.assets.cache"(이전 값: "Temp\obj\\Unity.2D.IK.Runtime\Unity.2D.IK.Runtime.assets.cache")
       C:\Program Files\dotnet\sdk\9.0.302\Sdks\Microsoft.NET.Sdk\targets\Microsoft.PackageDependencyResolution.targets(80,5): message : 속성 재할당: $(ResolveAssemblyReferencesDependsOn)=C:\Program Files\dotnet\sdk\9.0.302\Sdks\Microsoft.NET.Sdk\targets\Microsoft.PackageDependencyResolution.targets (80,5)의 "
       C:\Program Files\dotnet\sdk\9.0.302\Sdks\Microsoft.NET.Sdk\targets\Microsoft.PackageDependencyResolution.targets(80,5): message :       
       C:\Program Files\dotnet\sdk\9.0.302\Sdks\Microsoft.NET.Sdk\targets\Microsoft.PackageDependencyResolution.targets(80,5): message :       ResolveProjectReferences;
       C:\Program Files\dotnet\sdk\9.0.302\Sdks\Microsoft.NET.Sdk\targets\Microsoft.PackageDependencyResolution.targets(80,5): message :       FindInvalidProjectReferences;
       C:\Program Files\dotnet\sdk\9.0.302\Sdks\Microsoft.NET.Sdk\targets\Microsoft.PackageDependencyResolution.targets(80,5): message :       GetFrameworkPaths;
       C:\Program Files\dotnet\sdk\9.0.302\Sdks\Microsoft.NET.Sdk\targets\Microsoft.PackageDependencyResolution.targets(80,5): message :       GetReferenceAssemblyPaths;
       C:\Program Files\dotnet\sdk\9.0.302\Sdks\Microsoft.NET.Sdk\targets\Microsoft.PackageDependencyResolution.targets(80,5): message :       PrepareForBuild;
       C:\Program Files\dotnet\sdk\9.0.302\Sdks\Microsoft.NET.Sdk\targets\Microsoft.PackageDependencyResolution.targets(80,5): message :       ResolveSDKReferences;
       C:\Program Files\dotnet\sdk\9.0.302\Sdks\Microsoft.NET.Sdk\targets\Microsoft.PackageDependencyResolution.targets(80,5): message :       ExpandSDKReferences;
       C:\Program Files\dotnet\sdk\9.0.302\Sdks\Microsoft.NET.Sdk\targets\Microsoft.PackageDependencyResolution.targets(80,5): message :     ;
       C:\Program Files\dotnet\sdk\9.0.302\Sdks\Microsoft.NET.Sdk\targets\Microsoft.PackageDependencyResolution.targets(80,5): message :       ResolvePackageDependenciesForBuild;
       C:\Program Files\dotnet\sdk\9.0.302\Sdks\Microsoft.NET.Sdk\targets\Microsoft.PackageDependencyResolution.targets(80,5): message :       _HandlePackageFileConflicts;
       C:\Program Files\dotnet\sdk\9.0.302\Sdks\Microsoft.NET.Sdk\targets\Microsoft.PackageDependencyResolution.targets(80,5): message :     "(이전 값: "
       C:\Program Files\dotnet\sdk\9.0.302\Sdks\Microsoft.NET.Sdk\targets\Microsoft.PackageDependencyResolution.targets(80,5): message :       ResolveProjectReferences;
       C:\Program Files\dotnet\sdk\9.0.302\Sdks\Microsoft.NET.Sdk\targets\Microsoft.PackageDependencyResolution.targets(80,5): message :       FindInvalidProjectReferences;
       C:\Program Files\dotnet\sdk\9.0.302\Sdks\Microsoft.NET.Sdk\targets\Microsoft.PackageDependencyResolution.targets(80,5): message :       GetFrameworkPaths;
       C:\Program Files\dotnet\sdk\9.0.302\Sdks\Microsoft.NET.Sdk\targets\Microsoft.PackageDependencyResolution.targets(80,5): message :       GetReferenceAssemblyPaths;
       C:\Program Files\dotnet\sdk\9.0.302\Sdks\Microsoft.NET.Sdk\targets\Microsoft.PackageDependencyResolution.targets(80,5): message :       PrepareForBuild;
       C:\Program Files\dotnet\sdk\9.0.302\Sdks\Microsoft.NET.Sdk\targets\Microsoft.PackageDependencyResolution.targets(80,5): message :       ResolveSDKReferences;
       C:\Program Files\dotnet\sdk\9.0.302\Sdks\Microsoft.NET.Sdk\targets\Microsoft.PackageDependencyResolution.targets(80,5): message :       ExpandSDKReferences;
       C:\Program Files\dotnet\sdk\9.0.302\Sdks\Microsoft.NET.Sdk\targets\Microsoft.PackageDependencyResolution.targets(80,5): message :     ")
       C:\Program Files\dotnet\sdk\9.0.302\Sdks\Microsoft.NET.Sdk\targets\Microsoft.PackageDependencyResolution.targets(86,5): message : 속성 재할당: $(PrepareResourcesDependsOn)=C:\Program Files\dotnet\sdk\9.0.302\Sdks\Microsoft.NET.Sdk\targets\Microsoft.PackageDependencyResolution.targets (86,5)의 "
       C:\Program Files\dotnet\sdk\9.0.302\Sdks\Microsoft.NET.Sdk\targets\Microsoft.PackageDependencyResolution.targets(86,5): message :       ResolvePackageDependenciesForBuild;
       C:\Program Files\dotnet\sdk\9.0.302\Sdks\Microsoft.NET.Sdk\targets\Microsoft.PackageDependencyResolution.targets(86,5): message :       _HandlePackageFileConflicts;
       C:\Program Files\dotnet\sdk\9.0.302\Sdks\Microsoft.NET.Sdk\targets\Microsoft.PackageDependencyResolution.targets(86,5): message :       
       C:\Program Files\dotnet\sdk\9.0.302\Sdks\Microsoft.NET.Sdk\targets\Microsoft.PackageDependencyResolution.targets(86,5): message :       ;
       C:\Program Files\dotnet\sdk\9.0.302\Sdks\Microsoft.NET.Sdk\targets\Microsoft.PackageDependencyResolution.targets(86,5): message :       PrepareResourceNames;
       C:\Program Files\dotnet\sdk\9.0.302\Sdks\Microsoft.NET.Sdk\targets\Microsoft.PackageDependencyResolution.targets(86,5): message :       ResGen;
       C:\Program Files\dotnet\sdk\9.0.302\Sdks\Microsoft.NET.Sdk\targets\Microsoft.PackageDependencyResolution.targets(86,5): message :       CompileLicxFiles
       C:\Program Files\dotnet\sdk\9.0.302\Sdks\Microsoft.NET.Sdk\targets\Microsoft.PackageDependencyResolution.targets(86,5): message :     
       C:\Program Files\dotnet\sdk\9.0.302\Sdks\Microsoft.NET.Sdk\targets\Microsoft.PackageDependencyResolution.targets(86,5): message :     "(이전 값: "
       C:\Program Files\dotnet\sdk\9.0.302\Sdks\Microsoft.NET.Sdk\targets\Microsoft.PackageDependencyResolution.targets(86,5): message :       ;
       C:\Program Files\dotnet\sdk\9.0.302\Sdks\Microsoft.NET.Sdk\targets\Microsoft.PackageDependencyResolution.targets(86,5): message :       PrepareResourceNames;
       C:\Program Files\dotnet\sdk\9.0.302\Sdks\Microsoft.NET.Sdk\targets\Microsoft.PackageDependencyResolution.targets(86,5): message :       ResGen;
       C:\Program Files\dotnet\sdk\9.0.302\Sdks\Microsoft.NET.Sdk\targets\Microsoft.PackageDependencyResolution.targets(86,5): message :       CompileLicxFiles
       C:\Program Files\dotnet\sdk\9.0.302\Sdks\Microsoft.NET.Sdk\targets\Microsoft.PackageDependencyResolution.targets(86,5): message :     ")
       C:\Program Files\dotnet\sdk\9.0.302\Sdks\Microsoft.NET.Sdk\targets\Microsoft.NET.Sdk.DefaultItems.targets(27,5): message : 속성 재할당: $(DefaultItemExcludes)=C:\Program Files\dotnet\sdk\9.0.302\Sdks\Microsoft.NET.Sdk\targets\Microsoft.NET.Sdk.DefaultItems.targets (27,5)의 ";Temp\bin\Debug\/**;Temp\obj\\Unity.2D.IK.Runtime\/**;bin\/**"(이전 값: ";Temp\bin\Debug\/**;Temp\obj\\Unity.2D.IK.Runtime\/**")
       C:\Program Files\dotnet\sdk\9.0.302\Sdks\Microsoft.NET.Sdk\targets\Microsoft.NET.Sdk.DefaultItems.targets(29,5): message : 속성 재할당: $(DefaultItemExcludes)=C:\Program Files\dotnet\sdk\9.0.302\Sdks\Microsoft.NET.Sdk\targets\Microsoft.NET.Sdk.DefaultItems.targets (29,5)의 ";Temp\bin\Debug\/**;Temp\obj\\Unity.2D.IK.Runtime\/**;bin\/**;Temp\obj\\Unity.2D.IK.Runtime\/**"(이전 값: ";Temp\bin\Debug\/**;Temp\obj\\Unity.2D.IK.Runtime\/**;bin\/**")
       C:\Program Files\dotnet\sdk\9.0.302\Sdks\Microsoft.NET.Sdk\targets\Microsoft.NET.Sdk.DefaultItems.targets(32,5): message : 속성 재할당: $(DefaultItemExcludes)=C:\Program Files\dotnet\sdk\9.0.302\Sdks\Microsoft.NET.Sdk\targets\Microsoft.NET.Sdk.DefaultItems.targets (32,5)의 ";Temp\bin\Debug\/**;Temp\obj\\Unity.2D.IK.Runtime\/**;bin\/**;Temp\obj\\Unity.2D.IK.Runtime\/**;**/*.user"(이전 값: ";Temp\bin\Debug\/**;Temp\obj\\Unity.2D.IK.Runtime\/**;bin\/**;Temp\obj\\Unity.2D.IK.Runtime\/**")
       C:\Program Files\dotnet\sdk\9.0.302\Sdks\Microsoft.NET.Sdk\targets\Microsoft.NET.Sdk.DefaultItems.targets(33,5): message : 속성 재할당: $(DefaultItemExcludes)=C:\Program Files\dotnet\sdk\9.0.302\Sdks\Microsoft.NET.Sdk\targets\Microsoft.NET.Sdk.DefaultItems.targets (33,5)의 ";Temp\bin\Debug\/**;Temp\obj\\Unity.2D.IK.Runtime\/**;bin\/**;Temp\obj\\Unity.2D.IK.Runtime\/**;**/*.user;**/*.*proj"(이전 값: ";Temp\bin\Debug\/**;Temp\obj\\Unity.2D.IK.Runtime\/**;bin\/**;Temp\obj\\Unity.2D.IK.Runtime\/**;**/*.user")
       C:\Program Files\dotnet\sdk\9.0.302\Sdks\Microsoft.NET.Sdk\targets\Microsoft.NET.Sdk.DefaultItems.targets(34,5): message : 속성 재할당: $(DefaultItemExcludes)=C:\Program Files\dotnet\sdk\9.0.302\Sdks\Microsoft.NET.Sdk\targets\Microsoft.NET.Sdk.DefaultItems.targets (34,5)의 ";Temp\bin\Debug\/**;Temp\obj\\Unity.2D.IK.Runtime\/**;bin\/**;Temp\obj\\Unity.2D.IK.Runtime\/**;**/*.user;**/*.*proj;**/*.sln"(이전 값: ";Temp\bin\Debug\/**;Temp\obj\\Unity.2D.IK.Runtime\/**;bin\/**;Temp\obj\\Unity.2D.IK.Runtime\/**;**/*.user;**/*.*proj")
       C:\Program Files\dotnet\sdk\9.0.302\Sdks\Microsoft.NET.Sdk\targets\Microsoft.NET.Sdk.DefaultItems.targets(35,5): message : 속성 재할당: $(DefaultItemExcludes)=C:\Program Files\dotnet\sdk\9.0.302\Sdks\Microsoft.NET.Sdk\targets\Microsoft.NET.Sdk.DefaultItems.targets (35,5)의 ";Temp\bin\Debug\/**;Temp\obj\\Unity.2D.IK.Runtime\/**;bin\/**;Temp\obj\\Unity.2D.IK.Runtime\/**;**/*.user;**/*.*proj;**/*.sln;**/*.slnx"(이전 값: ";Temp\bin\Debug\/**;Temp\obj\\Unity.2D.IK.Runtime\/**;bin\/**;Temp\obj\\Unity.2D.IK.Runtime\/**;**/*.user;**/*.*proj;**/*.sln")
       C:\Program Files\dotnet\sdk\9.0.302\Sdks\Microsoft.NET.Sdk\targets\Microsoft.NET.Sdk.DefaultItems.targets(36,5): message : 속성 재할당: $(DefaultItemExcludes)=C:\Program Files\dotnet\sdk\9.0.302\Sdks\Microsoft.NET.Sdk\targets\Microsoft.NET.Sdk.DefaultItems.targets (36,5)의 ";Temp\bin\Debug\/**;Temp\obj\\Unity.2D.IK.Runtime\/**;bin\/**;Temp\obj\\Unity.2D.IK.Runtime\/**;**/*.user;**/*.*proj;**/*.sln;**/*.slnx;**/*.vssscc"(이전 값: ";Temp\bin\Debug\/**;Temp\obj\\Unity.2D.IK.Runtime\/**;bin\/**;Temp\obj\\Unity.2D.IK.Runtime\/**;**/*.user;**/*.*proj;**/*.sln;**/*.slnx")
       C:\Program Files\dotnet\sdk\9.0.302\Sdks\Microsoft.NET.Sdk\targets\Microsoft.NET.Sdk.DefaultItems.targets(37,5): message : 속성 재할당: $(DefaultItemExcludes)=C:\Program Files\dotnet\sdk\9.0.302\Sdks\Microsoft.NET.Sdk\targets\Microsoft.NET.Sdk.DefaultItems.targets (37,5)의 ";Temp\bin\Debug\/**;Temp\obj\\Unity.2D.IK.Runtime\/**;bin\/**;Temp\obj\\Unity.2D.IK.Runtime\/**;**/*.user;**/*.*proj;**/*.sln;**/*.slnx;**/*.vssscc;**/.DS_Store"(이전 값: ";Temp\bin\Debug\/**;Temp\obj\\Unity.2D.IK.Runtime\/**;bin\/**;Temp\obj\\Unity.2D.IK.Runtime\/**;**/*.user;**/*.*proj;**/*.sln;**/*.slnx;**/*.vssscc")
       C:\Program Files\dotnet\sdk\9.0.302\Sdks\Microsoft.NET.Sdk\targets\Microsoft.NET.Sdk.FrameworkReferenceResolution.targets(14,5): message : 속성 재할당: $(ResolveAssemblyReferencesDependsOn)=C:\Program Files\dotnet\sdk\9.0.302\Sdks\Microsoft.NET.Sdk\targets\Microsoft.NET.Sdk.FrameworkReferenceResolution.targets (14,5)의 "
       C:\Program Files\dotnet\sdk\9.0.302\Sdks\Microsoft.NET.Sdk\targets\Microsoft.NET.Sdk.FrameworkReferenceResolution.targets(14,5): message :       
       C:\Program Files\dotnet\sdk\9.0.302\Sdks\Microsoft.NET.Sdk\targets\Microsoft.NET.Sdk.FrameworkReferenceResolution.targets(14,5): message :       
       C:\Program Files\dotnet\sdk\9.0.302\Sdks\Microsoft.NET.Sdk\targets\Microsoft.NET.Sdk.FrameworkReferenceResolution.targets(14,5): message :       ResolveProjectReferences;
       C:\Program Files\dotnet\sdk\9.0.302\Sdks\Microsoft.NET.Sdk\targets\Microsoft.NET.Sdk.FrameworkReferenceResolution.targets(14,5): message :       FindInvalidProjectReferences;
       C:\Program Files\dotnet\sdk\9.0.302\Sdks\Microsoft.NET.Sdk\targets\Microsoft.NET.Sdk.FrameworkReferenceResolution.targets(14,5): message :       GetFrameworkPaths;
       C:\Program Files\dotnet\sdk\9.0.302\Sdks\Microsoft.NET.Sdk\targets\Microsoft.NET.Sdk.FrameworkReferenceResolution.targets(14,5): message :       GetReferenceAssemblyPaths;
       C:\Program Files\dotnet\sdk\9.0.302\Sdks\Microsoft.NET.Sdk\targets\Microsoft.NET.Sdk.FrameworkReferenceResolution.targets(14,5): message :       PrepareForBuild;
       C:\Program Files\dotnet\sdk\9.0.302\Sdks\Microsoft.NET.Sdk\targets\Microsoft.NET.Sdk.FrameworkReferenceResolution.targets(14,5): message :       ResolveSDKReferences;
       C:\Program Files\dotnet\sdk\9.0.302\Sdks\Microsoft.NET.Sdk\targets\Microsoft.NET.Sdk.FrameworkReferenceResolution.targets(14,5): message :       ExpandSDKReferences;
       C:\Program Files\dotnet\sdk\9.0.302\Sdks\Microsoft.NET.Sdk\targets\Microsoft.NET.Sdk.FrameworkReferenceResolution.targets(14,5): message :     ;
       C:\Program Files\dotnet\sdk\9.0.302\Sdks\Microsoft.NET.Sdk\targets\Microsoft.NET.Sdk.FrameworkReferenceResolution.targets(14,5): message :       ResolvePackageDependenciesForBuild;
       C:\Program Files\dotnet\sdk\9.0.302\Sdks\Microsoft.NET.Sdk\targets\Microsoft.NET.Sdk.FrameworkReferenceResolution.targets(14,5): message :       _HandlePackageFileConflicts;
       C:\Program Files\dotnet\sdk\9.0.302\Sdks\Microsoft.NET.Sdk\targets\Microsoft.NET.Sdk.FrameworkReferenceResolution.targets(14,5): message :     ;
       C:\Program Files\dotnet\sdk\9.0.302\Sdks\Microsoft.NET.Sdk\targets\Microsoft.NET.Sdk.FrameworkReferenceResolution.targets(14,5): message :       ResolveTargetingPackAssets;
       C:\Program Files\dotnet\sdk\9.0.302\Sdks\Microsoft.NET.Sdk\targets\Microsoft.NET.Sdk.FrameworkReferenceResolution.targets(14,5): message :     "(이전 값: "
       C:\Program Files\dotnet\sdk\9.0.302\Sdks\Microsoft.NET.Sdk\targets\Microsoft.NET.Sdk.FrameworkReferenceResolution.targets(14,5): message :       
       C:\Program Files\dotnet\sdk\9.0.302\Sdks\Microsoft.NET.Sdk\targets\Microsoft.NET.Sdk.FrameworkReferenceResolution.targets(14,5): message :       ResolveProjectReferences;
       C:\Program Files\dotnet\sdk\9.0.302\Sdks\Microsoft.NET.Sdk\targets\Microsoft.NET.Sdk.FrameworkReferenceResolution.targets(14,5): message :       FindInvalidProjectReferences;
       C:\Program Files\dotnet\sdk\9.0.302\Sdks\Microsoft.NET.Sdk\targets\Microsoft.NET.Sdk.FrameworkReferenceResolution.targets(14,5): message :       GetFrameworkPaths;
       C:\Program Files\dotnet\sdk\9.0.302\Sdks\Microsoft.NET.Sdk\targets\Microsoft.NET.Sdk.FrameworkReferenceResolution.targets(14,5): message :       GetReferenceAssemblyPaths;
       C:\Program Files\dotnet\sdk\9.0.302\Sdks\Microsoft.NET.Sdk\targets\Microsoft.NET.Sdk.FrameworkReferenceResolution.targets(14,5): message :       PrepareForBuild;
       C:\Program Files\dotnet\sdk\9.0.302\Sdks\Microsoft.NET.Sdk\targets\Microsoft.NET.Sdk.FrameworkReferenceResolution.targets(14,5): message :       ResolveSDKReferences;
       C:\Program Files\dotnet\sdk\9.0.302\Sdks\Microsoft.NET.Sdk\targets\Microsoft.NET.Sdk.FrameworkReferenceResolution.targets(14,5): message :       ExpandSDKReferences;
       C:\Program Files\dotnet\sdk\9.0.302\Sdks\Microsoft.NET.Sdk\targets\Microsoft.NET.Sdk.FrameworkReferenceResolution.targets(14,5): message :     ;
       C:\Program Files\dotnet\sdk\9.0.302\Sdks\Microsoft.NET.Sdk\targets\Microsoft.NET.Sdk.FrameworkReferenceResolution.targets(14,5): message :       ResolvePackageDependenciesForBuild;
       C:\Program Files\dotnet\sdk\9.0.302\Sdks\Microsoft.NET.Sdk\targets\Microsoft.NET.Sdk.FrameworkReferenceResolution.targets(14,5): message :       _HandlePackageFileConflicts;
       C:\Program Files\dotnet\sdk\9.0.302\Sdks\Microsoft.NET.Sdk\targets\Microsoft.NET.Sdk.FrameworkReferenceResolution.targets(14,5): message :     ")
       C:\Program Files\dotnet\sdk\9.0.302\Sdks\Microsoft.NET.Sdk\targets\Microsoft.NET.Sdk.targets(44,5): message : 속성 재할당: $(_GenerateRuntimeConfigurationPropertyInputsCache)=C:\Program Files\dotnet\sdk\9.0.302\Sdks\Microsoft.NET.Sdk\targets\Microsoft.NET.Sdk.targets (44,5)의 "D:\GitRepo\SUMMONER_Refactor\Workpiece\Summoner\Temp\obj\Unity.2D.IK.Runtime\Unity.2D.IK.Runtime.genruntimeconfig.cache"(이전 값: "Temp\obj\\Unity.2D.IK.Runtime\Unity.2D.IK.Runtime.genruntimeconfig.cache")
       C:\Program Files\dotnet\sdk\9.0.302\Sdks\Microsoft.NET.Sdk\targets\Microsoft.NET.Sdk.targets(46,5): message : 속성 재할당: $(_GeneratePublishDependencyFilePropertyInputsCache)=C:\Program Files\dotnet\sdk\9.0.302\Sdks\Microsoft.NET.Sdk\targets\Microsoft.NET.Sdk.targets (46,5)의 "D:\GitRepo\SUMMONER_Refactor\Workpiece\Summoner\Temp\obj\Unity.2D.IK.Runtime\Unity.2D.IK.Runtime.genpublishdeps.cache"(이전 값: "Temp\obj\\Unity.2D.IK.Runtime\Unity.2D.IK.Runtime.genpublishdeps.cache")
       C:\Program Files\dotnet\sdk\9.0.302\Sdks\Microsoft.NET.Sdk\targets\Microsoft.NET.Sdk.targets(48,5): message : 속성 재할당: $(_GenerateSingleFileBundlePropertyInputsCache)=C:\Program Files\dotnet\sdk\9.0.302\Sdks\Microsoft.NET.Sdk\targets\Microsoft.NET.Sdk.targets (48,5)의 "D:\GitRepo\SUMMONER_Refactor\Workpiece\Summoner\Temp\obj\Unity.2D.IK.Runtime\Unity.2D.IK.Runtime.genbundle.cache"(이전 값: "Temp\obj\\Unity.2D.IK.Runtime\Unity.2D.IK.Runtime.genbundle.cache")
       C:\Program Files\dotnet\sdk\9.0.302\Sdks\Microsoft.NET.Sdk\targets\Microsoft.NET.Sdk.targets(97,5): message : 환경에서 값이 'USERPROFILE'인 속성 'C:\Users\rudgn'이(가) 확장되었습니다.
       C:\Program Files\dotnet\sdk\9.0.302\Sdks\Microsoft.NET.Sdk\targets\Microsoft.NET.Sdk.targets(97,5): message : 속성 재할당: $(_DefaultUserProfileRuntimeStorePath)=C:\Program Files\dotnet\sdk\9.0.302\Sdks\Microsoft.NET.Sdk\targets\Microsoft.NET.Sdk.targets (97,5)의 "C:\Users\rudgn"(이전 값: "")
       C:\Program Files\dotnet\sdk\9.0.302\Sdks\Microsoft.NET.Sdk\targets\Microsoft.NET.Sdk.targets(98,5): message : 속성 재할당: $(_DefaultUserProfileRuntimeStorePath)=C:\Program Files\dotnet\sdk\9.0.302\Sdks\Microsoft.NET.Sdk\targets\Microsoft.NET.Sdk.targets (98,5)의 "C:\Users\rudgn\.dotnet\store"(이전 값: "C:\Users\rudgn")
       C:\Program Files\dotnet\sdk\9.0.302\Sdks\Microsoft.NET.Sdk\targets\Microsoft.NET.Sdk.targets(201,5): message : 속성 재할당: $(CoreBuildDependsOn)=C:\Program Files\dotnet\sdk\9.0.302\Sdks\Microsoft.NET.Sdk\targets\Microsoft.NET.Sdk.targets (201,5)의 "
       C:\Program Files\dotnet\sdk\9.0.302\Sdks\Microsoft.NET.Sdk\targets\Microsoft.NET.Sdk.targets(201,5): message :       _CheckForBuildWithNoBuild;
       C:\Program Files\dotnet\sdk\9.0.302\Sdks\Microsoft.NET.Sdk\targets\Microsoft.NET.Sdk.targets(201,5): message :       
       C:\Program Files\dotnet\sdk\9.0.302\Sdks\Microsoft.NET.Sdk\targets\Microsoft.NET.Sdk.targets(201,5): message :       BuildOnlySettings;
       C:\Program Files\dotnet\sdk\9.0.302\Sdks\Microsoft.NET.Sdk\targets\Microsoft.NET.Sdk.targets(201,5): message :       PrepareForBuild;
       C:\Program Files\dotnet\sdk\9.0.302\Sdks\Microsoft.NET.Sdk\targets\Microsoft.NET.Sdk.targets(201,5): message :       PreBuildEvent;
       C:\Program Files\dotnet\sdk\9.0.302\Sdks\Microsoft.NET.Sdk\targets\Microsoft.NET.Sdk.targets(201,5): message :       ResolveReferences;
       C:\Program Files\dotnet\sdk\9.0.302\Sdks\Microsoft.NET.Sdk\targets\Microsoft.NET.Sdk.targets(201,5): message :       PrepareResources;
       C:\Program Files\dotnet\sdk\9.0.302\Sdks\Microsoft.NET.Sdk\targets\Microsoft.NET.Sdk.targets(201,5): message :       ResolveKeySource;
       C:\Program Files\dotnet\sdk\9.0.302\Sdks\Microsoft.NET.Sdk\targets\Microsoft.NET.Sdk.targets(201,5): message :       Compile;
       C:\Program Files\dotnet\sdk\9.0.302\Sdks\Microsoft.NET.Sdk\targets\Microsoft.NET.Sdk.targets(201,5): message :       ExportWindowsMDFile;
       C:\Program Files\dotnet\sdk\9.0.302\Sdks\Microsoft.NET.Sdk\targets\Microsoft.NET.Sdk.targets(201,5): message :       UnmanagedUnregistration;
       C:\Program Files\dotnet\sdk\9.0.302\Sdks\Microsoft.NET.Sdk\targets\Microsoft.NET.Sdk.targets(201,5): message :       GenerateSerializationAssemblies;
       C:\Program Files\dotnet\sdk\9.0.302\Sdks\Microsoft.NET.Sdk\targets\Microsoft.NET.Sdk.targets(201,5): message :       CreateSatelliteAssemblies;
       C:\Program Files\dotnet\sdk\9.0.302\Sdks\Microsoft.NET.Sdk\targets\Microsoft.NET.Sdk.targets(201,5): message :       GenerateManifests;
       C:\Program Files\dotnet\sdk\9.0.302\Sdks\Microsoft.NET.Sdk\targets\Microsoft.NET.Sdk.targets(201,5): message :       GetTargetPath;
       C:\Program Files\dotnet\sdk\9.0.302\Sdks\Microsoft.NET.Sdk\targets\Microsoft.NET.Sdk.targets(201,5): message :       PrepareForRun;
       C:\Program Files\dotnet\sdk\9.0.302\Sdks\Microsoft.NET.Sdk\targets\Microsoft.NET.Sdk.targets(201,5): message :       UnmanagedRegistration;
       C:\Program Files\dotnet\sdk\9.0.302\Sdks\Microsoft.NET.Sdk\targets\Microsoft.NET.Sdk.targets(201,5): message :       IncrementalClean;
       C:\Program Files\dotnet\sdk\9.0.302\Sdks\Microsoft.NET.Sdk\targets\Microsoft.NET.Sdk.targets(201,5): message :       PostBuildEvent
       C:\Program Files\dotnet\sdk\9.0.302\Sdks\Microsoft.NET.Sdk\targets\Microsoft.NET.Sdk.targets(201,5): message :     ;
       C:\Program Files\dotnet\sdk\9.0.302\Sdks\Microsoft.NET.Sdk\targets\Microsoft.NET.Sdk.targets(201,5): message :       GenerateBuildDependencyFile;
       C:\Program Files\dotnet\sdk\9.0.302\Sdks\Microsoft.NET.Sdk\targets\Microsoft.NET.Sdk.targets(201,5): message :       GenerateBuildRuntimeConfigurationFiles
       C:\Program Files\dotnet\sdk\9.0.302\Sdks\Microsoft.NET.Sdk\targets\Microsoft.NET.Sdk.targets(201,5): message :     "(이전 값: "
       C:\Program Files\dotnet\sdk\9.0.302\Sdks\Microsoft.NET.Sdk\targets\Microsoft.NET.Sdk.targets(201,5): message :       BuildOnlySettings;
       C:\Program Files\dotnet\sdk\9.0.302\Sdks\Microsoft.NET.Sdk\targets\Microsoft.NET.Sdk.targets(201,5): message :       PrepareForBuild;
       C:\Program Files\dotnet\sdk\9.0.302\Sdks\Microsoft.NET.Sdk\targets\Microsoft.NET.Sdk.targets(201,5): message :       PreBuildEvent;
       C:\Program Files\dotnet\sdk\9.0.302\Sdks\Microsoft.NET.Sdk\targets\Microsoft.NET.Sdk.targets(201,5): message :       ResolveReferences;
       C:\Program Files\dotnet\sdk\9.0.302\Sdks\Microsoft.NET.Sdk\targets\Microsoft.NET.Sdk.targets(201,5): message :       PrepareResources;
       C:\Program Files\dotnet\sdk\9.0.302\Sdks\Microsoft.NET.Sdk\targets\Microsoft.NET.Sdk.targets(201,5): message :       ResolveKeySource;
       C:\Program Files\dotnet\sdk\9.0.302\Sdks\Microsoft.NET.Sdk\targets\Microsoft.NET.Sdk.targets(201,5): message :       Compile;
       C:\Program Files\dotnet\sdk\9.0.302\Sdks\Microsoft.NET.Sdk\targets\Microsoft.NET.Sdk.targets(201,5): message :       ExportWindowsMDFile;
       C:\Program Files\dotnet\sdk\9.0.302\Sdks\Microsoft.NET.Sdk\targets\Microsoft.NET.Sdk.targets(201,5): message :       UnmanagedUnregistration;
       C:\Program Files\dotnet\sdk\9.0.302\Sdks\Microsoft.NET.Sdk\targets\Microsoft.NET.Sdk.targets(201,5): message :       GenerateSerializationAssemblies;
       C:\Program Files\dotnet\sdk\9.0.302\Sdks\Microsoft.NET.Sdk\targets\Microsoft.NET.Sdk.targets(201,5): message :       CreateSatelliteAssemblies;
       C:\Program Files\dotnet\sdk\9.0.302\Sdks\Microsoft.NET.Sdk\targets\Microsoft.NET.Sdk.targets(201,5): message :       GenerateManifests;
       C:\Program Files\dotnet\sdk\9.0.302\Sdks\Microsoft.NET.Sdk\targets\Microsoft.NET.Sdk.targets(201,5): message :       GetTargetPath;
       C:\Program Files\dotnet\sdk\9.0.302\Sdks\Microsoft.NET.Sdk\targets\Microsoft.NET.Sdk.targets(201,5): message :       PrepareForRun;
       C:\Program Files\dotnet\sdk\9.0.302\Sdks\Microsoft.NET.Sdk\targets\Microsoft.NET.Sdk.targets(201,5): message :       UnmanagedRegistration;
       C:\Program Files\dotnet\sdk\9.0.302\Sdks\Microsoft.NET.Sdk\targets\Microsoft.NET.Sdk.targets(201,5): message :       IncrementalClean;
       C:\Program Files\dotnet\sdk\9.0.302\Sdks\Microsoft.NET.Sdk\targets\Microsoft.NET.Sdk.targets(201,5): message :       PostBuildEvent
       C:\Program Files\dotnet\sdk\9.0.302\Sdks\Microsoft.NET.Sdk\targets\Microsoft.NET.Sdk.targets(201,5): message :     ")
       C:\Program Files\dotnet\sdk\9.0.302\Sdks\Microsoft.NET.Sdk\targets\Microsoft.NET.Sdk.targets(210,5): message : 속성 재할당: $(CoreCleanDependsOn)=C:\Program Files\dotnet\sdk\9.0.302\Sdks\Microsoft.NET.Sdk\targets\Microsoft.NET.Sdk.targets (210,5)의 "
       C:\Program Files\dotnet\sdk\9.0.302\Sdks\Microsoft.NET.Sdk\targets\Microsoft.NET.Sdk.targets(210,5): message :       _SdkBeforeClean;
       C:\Program Files\dotnet\sdk\9.0.302\Sdks\Microsoft.NET.Sdk\targets\Microsoft.NET.Sdk.targets(210,5): message :       
       C:\Program Files\dotnet\sdk\9.0.302\Sdks\Microsoft.NET.Sdk\targets\Microsoft.NET.Sdk.targets(210,5): message :     "(이전 값: "")
       C:\Program Files\dotnet\sdk\9.0.302\Sdks\Microsoft.NET.Sdk\targets\Microsoft.NET.Sdk.targets(217,5): message : 속성 재할당: $(RebuildDependsOn)=C:\Program Files\dotnet\sdk\9.0.302\Sdks\Microsoft.NET.Sdk\targets\Microsoft.NET.Sdk.targets (217,5)의 "
       C:\Program Files\dotnet\sdk\9.0.302\Sdks\Microsoft.NET.Sdk\targets\Microsoft.NET.Sdk.targets(217,5): message :       _SdkBeforeRebuild;
       C:\Program Files\dotnet\sdk\9.0.302\Sdks\Microsoft.NET.Sdk\targets\Microsoft.NET.Sdk.targets(217,5): message :       
       C:\Program Files\dotnet\sdk\9.0.302\Sdks\Microsoft.NET.Sdk\targets\Microsoft.NET.Sdk.targets(217,5): message :       BeforeRebuild;
       C:\Program Files\dotnet\sdk\9.0.302\Sdks\Microsoft.NET.Sdk\targets\Microsoft.NET.Sdk.targets(217,5): message :       Clean;
       C:\Program Files\dotnet\sdk\9.0.302\Sdks\Microsoft.NET.Sdk\targets\Microsoft.NET.Sdk.targets(217,5): message :       Build;
       C:\Program Files\dotnet\sdk\9.0.302\Sdks\Microsoft.NET.Sdk\targets\Microsoft.NET.Sdk.targets(217,5): message :       AfterRebuild;
       C:\Program Files\dotnet\sdk\9.0.302\Sdks\Microsoft.NET.Sdk\targets\Microsoft.NET.Sdk.targets(217,5): message :     
       C:\Program Files\dotnet\sdk\9.0.302\Sdks\Microsoft.NET.Sdk\targets\Microsoft.NET.Sdk.targets(217,5): message :     "(이전 값: "
       C:\Program Files\dotnet\sdk\9.0.302\Sdks\Microsoft.NET.Sdk\targets\Microsoft.NET.Sdk.targets(217,5): message :       BeforeRebuild;
       C:\Program Files\dotnet\sdk\9.0.302\Sdks\Microsoft.NET.Sdk\targets\Microsoft.NET.Sdk.targets(217,5): message :       Clean;
       C:\Program Files\dotnet\sdk\9.0.302\Sdks\Microsoft.NET.Sdk\targets\Microsoft.NET.Sdk.targets(217,5): message :       Build;
       C:\Program Files\dotnet\sdk\9.0.302\Sdks\Microsoft.NET.Sdk\targets\Microsoft.NET.Sdk.targets(217,5): message :       AfterRebuild;
       C:\Program Files\dotnet\sdk\9.0.302\Sdks\Microsoft.NET.Sdk\targets\Microsoft.NET.Sdk.targets(217,5): message :     ")
       C:\Program Files\dotnet\sdk\9.0.302\Sdks\Microsoft.NET.Sdk\targets\Microsoft.NET.Sdk.targets(784,5): message : 속성 재할당: $(CompileDependsOn)=C:\Program Files\dotnet\sdk\9.0.302\Sdks\Microsoft.NET.Sdk\targets\Microsoft.NET.Sdk.targets (784,5)의 "
       C:\Program Files\dotnet\sdk\9.0.302\Sdks\Microsoft.NET.Sdk\targets\Microsoft.NET.Sdk.targets(784,5): message :       
       C:\Program Files\dotnet\sdk\9.0.302\Sdks\Microsoft.NET.Sdk\targets\Microsoft.NET.Sdk.targets(784,5): message :       ResolveReferences;
       C:\Program Files\dotnet\sdk\9.0.302\Sdks\Microsoft.NET.Sdk\targets\Microsoft.NET.Sdk.targets(784,5): message :       ResolveKeySource;
       C:\Program Files\dotnet\sdk\9.0.302\Sdks\Microsoft.NET.Sdk\targets\Microsoft.NET.Sdk.targets(784,5): message :       SetWin32ManifestProperties;
       C:\Program Files\dotnet\sdk\9.0.302\Sdks\Microsoft.NET.Sdk\targets\Microsoft.NET.Sdk.targets(784,5): message :       _SetPreferNativeArm64Win32ManifestProperties;
       C:\Program Files\dotnet\sdk\9.0.302\Sdks\Microsoft.NET.Sdk\targets\Microsoft.NET.Sdk.targets(784,5): message :       FindReferenceAssembliesForReferences;
       C:\Program Files\dotnet\sdk\9.0.302\Sdks\Microsoft.NET.Sdk\targets\Microsoft.NET.Sdk.targets(784,5): message :       _GenerateCompileInputs;
       C:\Program Files\dotnet\sdk\9.0.302\Sdks\Microsoft.NET.Sdk\targets\Microsoft.NET.Sdk.targets(784,5): message :       BeforeCompile;
       C:\Program Files\dotnet\sdk\9.0.302\Sdks\Microsoft.NET.Sdk\targets\Microsoft.NET.Sdk.targets(784,5): message :       _TimeStampBeforeCompile;
       C:\Program Files\dotnet\sdk\9.0.302\Sdks\Microsoft.NET.Sdk\targets\Microsoft.NET.Sdk.targets(784,5): message :       _GenerateCompileDependencyCache;
       C:\Program Files\dotnet\sdk\9.0.302\Sdks\Microsoft.NET.Sdk\targets\Microsoft.NET.Sdk.targets(784,5): message :       CoreCompile;
       C:\Program Files\dotnet\sdk\9.0.302\Sdks\Microsoft.NET.Sdk\targets\Microsoft.NET.Sdk.targets(784,5): message :       _TimeStampAfterCompile;
       C:\Program Files\dotnet\sdk\9.0.302\Sdks\Microsoft.NET.Sdk\targets\Microsoft.NET.Sdk.targets(784,5): message :       AfterCompile;
       C:\Program Files\dotnet\sdk\9.0.302\Sdks\Microsoft.NET.Sdk\targets\Microsoft.NET.Sdk.targets(784,5): message :     ;
       C:\Program Files\dotnet\sdk\9.0.302\Sdks\Microsoft.NET.Sdk\targets\Microsoft.NET.Sdk.targets(784,5): message :       _CreateAppHost;
       C:\Program Files\dotnet\sdk\9.0.302\Sdks\Microsoft.NET.Sdk\targets\Microsoft.NET.Sdk.targets(784,5): message :       _CreateComHost;
       C:\Program Files\dotnet\sdk\9.0.302\Sdks\Microsoft.NET.Sdk\targets\Microsoft.NET.Sdk.targets(784,5): message :       _GetIjwHostPaths;
       C:\Program Files\dotnet\sdk\9.0.302\Sdks\Microsoft.NET.Sdk\targets\Microsoft.NET.Sdk.targets(784,5): message :     "(이전 값: "
       C:\Program Files\dotnet\sdk\9.0.302\Sdks\Microsoft.NET.Sdk\targets\Microsoft.NET.Sdk.targets(784,5): message :       ResolveReferences;
       C:\Program Files\dotnet\sdk\9.0.302\Sdks\Microsoft.NET.Sdk\targets\Microsoft.NET.Sdk.targets(784,5): message :       ResolveKeySource;
       C:\Program Files\dotnet\sdk\9.0.302\Sdks\Microsoft.NET.Sdk\targets\Microsoft.NET.Sdk.targets(784,5): message :       SetWin32ManifestProperties;
       C:\Program Files\dotnet\sdk\9.0.302\Sdks\Microsoft.NET.Sdk\targets\Microsoft.NET.Sdk.targets(784,5): message :       _SetPreferNativeArm64Win32ManifestProperties;
       C:\Program Files\dotnet\sdk\9.0.302\Sdks\Microsoft.NET.Sdk\targets\Microsoft.NET.Sdk.targets(784,5): message :       FindReferenceAssembliesForReferences;
       C:\Program Files\dotnet\sdk\9.0.302\Sdks\Microsoft.NET.Sdk\targets\Microsoft.NET.Sdk.targets(784,5): message :       _GenerateCompileInputs;
       C:\Program Files\dotnet\sdk\9.0.302\Sdks\Microsoft.NET.Sdk\targets\Microsoft.NET.Sdk.targets(784,5): message :       BeforeCompile;
       C:\Program Files\dotnet\sdk\9.0.302\Sdks\Microsoft.NET.Sdk\targets\Microsoft.NET.Sdk.targets(784,5): message :       _TimeStampBeforeCompile;
       C:\Program Files\dotnet\sdk\9.0.302\Sdks\Microsoft.NET.Sdk\targets\Microsoft.NET.Sdk.targets(784,5): message :       _GenerateCompileDependencyCache;
       C:\Program Files\dotnet\sdk\9.0.302\Sdks\Microsoft.NET.Sdk\targets\Microsoft.NET.Sdk.targets(784,5): message :       CoreCompile;
       C:\Program Files\dotnet\sdk\9.0.302\Sdks\Microsoft.NET.Sdk\targets\Microsoft.NET.Sdk.targets(784,5): message :       _TimeStampAfterCompile;
       C:\Program Files\dotnet\sdk\9.0.302\Sdks\Microsoft.NET.Sdk\targets\Microsoft.NET.Sdk.targets(784,5): message :       AfterCompile;
       C:\Program Files\dotnet\sdk\9.0.302\Sdks\Microsoft.NET.Sdk\targets\Microsoft.NET.Sdk.targets(784,5): message :     ")
       C:\Program Files\dotnet\sdk\9.0.302\Sdks\Microsoft.NET.Sdk\targets\Microsoft.NET.Sdk.targets(1184,5): message : 속성 재할당: $(CreateSatelliteAssembliesDependsOn)=C:\Program Files\dotnet\sdk\9.0.302\Sdks\Microsoft.NET.Sdk\targets\Microsoft.NET.Sdk.targets (1184,5)의 "
       C:\Program Files\dotnet\sdk\9.0.302\Sdks\Microsoft.NET.Sdk\targets\Microsoft.NET.Sdk.targets(1184,5): message :       
       C:\Program Files\dotnet\sdk\9.0.302\Sdks\Microsoft.NET.Sdk\targets\Microsoft.NET.Sdk.targets(1184,5): message :       ;
       C:\Program Files\dotnet\sdk\9.0.302\Sdks\Microsoft.NET.Sdk\targets\Microsoft.NET.Sdk.targets(1184,5): message :       _GenerateSatelliteAssemblyInputs;
       C:\Program Files\dotnet\sdk\9.0.302\Sdks\Microsoft.NET.Sdk\targets\Microsoft.NET.Sdk.targets(1184,5): message :       ComputeIntermediateSatelliteAssemblies;
       C:\Program Files\dotnet\sdk\9.0.302\Sdks\Microsoft.NET.Sdk\targets\Microsoft.NET.Sdk.targets(1184,5): message :       GenerateSatelliteAssemblies
       C:\Program Files\dotnet\sdk\9.0.302\Sdks\Microsoft.NET.Sdk\targets\Microsoft.NET.Sdk.targets(1184,5): message :     ;
       C:\Program Files\dotnet\sdk\9.0.302\Sdks\Microsoft.NET.Sdk\targets\Microsoft.NET.Sdk.targets(1184,5): message :       CoreGenerateSatelliteAssemblies
       C:\Program Files\dotnet\sdk\9.0.302\Sdks\Microsoft.NET.Sdk\targets\Microsoft.NET.Sdk.targets(1184,5): message :     "(이전 값: "
       C:\Program Files\dotnet\sdk\9.0.302\Sdks\Microsoft.NET.Sdk\targets\Microsoft.NET.Sdk.targets(1184,5): message :       ;
       C:\Program Files\dotnet\sdk\9.0.302\Sdks\Microsoft.NET.Sdk\targets\Microsoft.NET.Sdk.targets(1184,5): message :       _GenerateSatelliteAssemblyInputs;
       C:\Program Files\dotnet\sdk\9.0.302\Sdks\Microsoft.NET.Sdk\targets\Microsoft.NET.Sdk.targets(1184,5): message :       ComputeIntermediateSatelliteAssemblies;
       C:\Program Files\dotnet\sdk\9.0.302\Sdks\Microsoft.NET.Sdk\targets\Microsoft.NET.Sdk.targets(1184,5): message :       GenerateSatelliteAssemblies
       C:\Program Files\dotnet\sdk\9.0.302\Sdks\Microsoft.NET.Sdk\targets\Microsoft.NET.Sdk.targets(1184,5): message :     ")
       C:\Program Files\dotnet\sdk\9.0.302\Sdks\Microsoft.SourceLink.GitLab\build\Microsoft.SourceLink.GitLab.targets(12,5): message : 속성 재할당: $(SourceLinkUrlInitializerTargets)=C:\Program Files\dotnet\sdk\9.0.302\Sdks\Microsoft.SourceLink.GitLab\build\Microsoft.SourceLink.GitLab.targets (12,5)의 ";_InitializeGitHubSourceLinkUrl;_InitializeGitLabSourceLinkUrl"(이전 값: ";_InitializeGitHubSourceLinkUrl")
       C:\Program Files\dotnet\sdk\9.0.302\Sdks\Microsoft.SourceLink.GitLab\build\Microsoft.SourceLink.GitLab.targets(13,5): message : 속성 재할당: $(SourceControlManagerUrlTranslationTargets)=C:\Program Files\dotnet\sdk\9.0.302\Sdks\Microsoft.SourceLink.GitLab\build\Microsoft.SourceLink.GitLab.targets (13,5)의 ";TranslateGitHubUrlsInSourceControlInformation;TranslateGitLabUrlsInSourceControlInformation"(이전 값: ";TranslateGitHubUrlsInSourceControlInformation")
       C:\Program Files\dotnet\sdk\9.0.302\Sdks\Microsoft.SourceLink.AzureRepos.Git\build\Microsoft.SourceLink.AzureRepos.Git.targets(12,5): message : 속성 재할당: $(SourceLinkUrlInitializerTargets)=C:\Program Files\dotnet\sdk\9.0.302\Sdks\Microsoft.SourceLink.AzureRepos.Git\build\Microsoft.SourceLink.AzureRepos.Git.targets (12,5)의 ";_InitializeGitHubSourceLinkUrl;_InitializeGitLabSourceLinkUrl;_InitializeAzureReposGitSourceLinkUrl"(이전 값: ";_InitializeGitHubSourceLinkUrl;_InitializeGitLabSourceLinkUrl")
       C:\Program Files\dotnet\sdk\9.0.302\Sdks\Microsoft.SourceLink.AzureRepos.Git\build\Microsoft.SourceLink.AzureRepos.Git.targets(13,5): message : 속성 재할당: $(SourceControlManagerUrlTranslationTargets)=C:\Program Files\dotnet\sdk\9.0.302\Sdks\Microsoft.SourceLink.AzureRepos.Git\build\Microsoft.SourceLink.AzureRepos.Git.targets (13,5)의 ";TranslateGitHubUrlsInSourceControlInformation;TranslateGitLabUrlsInSourceControlInformation;TranslateAzureReposGitUrlsInSourceControlInformation"(이전 값: ";TranslateGitHubUrlsInSourceControlInformation;TranslateGitLabUrlsInSourceControlInformation")
       C:\Program Files\dotnet\sdk\9.0.302\Sdks\Microsoft.SourceLink.Bitbucket.Git\build\Microsoft.SourceLink.Bitbucket.Git.targets(12,5): message : 속성 재할당: $(SourceLinkUrlInitializerTargets)=C:\Program Files\dotnet\sdk\9.0.302\Sdks\Microsoft.SourceLink.Bitbucket.Git\build\Microsoft.SourceLink.Bitbucket.Git.targets (12,5)의 ";_InitializeGitHubSourceLinkUrl;_InitializeGitLabSourceLinkUrl;_InitializeAzureReposGitSourceLinkUrl;_InitializeBitbucketGitSourceLinkUrl"(이전 값: ";_InitializeGitHubSourceLinkUrl;_InitializeGitLabSourceLinkUrl;_InitializeAzureReposGitSourceLinkUrl")
       C:\Program Files\dotnet\sdk\9.0.302\Sdks\Microsoft.SourceLink.Bitbucket.Git\build\Microsoft.SourceLink.Bitbucket.Git.targets(13,5): message : 속성 재할당: $(SourceControlManagerUrlTranslationTargets)=C:\Program Files\dotnet\sdk\9.0.302\Sdks\Microsoft.SourceLink.Bitbucket.Git\build\Microsoft.SourceLink.Bitbucket.Git.targets (13,5)의 ";TranslateGitHubUrlsInSourceControlInformation;TranslateGitLabUrlsInSourceControlInformation;TranslateAzureReposGitUrlsInSourceControlInformation;TranslateBitbucketGitUrlsInSourceControlInformation"(이전 값: ";TranslateGitHubUrlsInSourceControlInformation;TranslateGitLabUrlsInSourceControlInformation;TranslateAzureReposGitUrlsInSourceControlInformation")
       C:\Program Files\dotnet\sdk\9.0.302\Sdks\Microsoft.NET.Sdk\targets\Microsoft.NET.DesignerSupport.targets(21,5): message : 속성 재할당: $(DesignerRuntimeImplementationProjectOutputGroupDependsOn)=C:\Program Files\dotnet\sdk\9.0.302\Sdks\Microsoft.NET.Sdk\targets\Microsoft.NET.DesignerSupport.targets (21,5)의 "
       C:\Program Files\dotnet\sdk\9.0.302\Sdks\Microsoft.NET.Sdk\targets\Microsoft.NET.DesignerSupport.targets(21,5): message :       
       C:\Program Files\dotnet\sdk\9.0.302\Sdks\Microsoft.NET.Sdk\targets\Microsoft.NET.DesignerSupport.targets(21,5): message :       ;
       C:\Program Files\dotnet\sdk\9.0.302\Sdks\Microsoft.NET.Sdk\targets\Microsoft.NET.DesignerSupport.targets(21,5): message :       
       C:\Program Files\dotnet\sdk\9.0.302\Sdks\Microsoft.NET.Sdk\targets\Microsoft.NET.DesignerSupport.targets(21,5): message :       ;
       C:\Program Files\dotnet\sdk\9.0.302\Sdks\Microsoft.NET.Sdk\targets\Microsoft.NET.DesignerSupport.targets(21,5): message :       BuildOnlySettings;
       C:\Program Files\dotnet\sdk\9.0.302\Sdks\Microsoft.NET.Sdk\targets\Microsoft.NET.DesignerSupport.targets(21,5): message :       PrepareForBuild;
       C:\Program Files\dotnet\sdk\9.0.302\Sdks\Microsoft.NET.Sdk\targets\Microsoft.NET.DesignerSupport.targets(21,5): message :       AssignTargetPaths;
       C:\Program Files\dotnet\sdk\9.0.302\Sdks\Microsoft.NET.Sdk\targets\Microsoft.NET.DesignerSupport.targets(21,5): message :       ResolveReferences
       C:\Program Files\dotnet\sdk\9.0.302\Sdks\Microsoft.NET.Sdk\targets\Microsoft.NET.DesignerSupport.targets(21,5): message :     
       C:\Program Files\dotnet\sdk\9.0.302\Sdks\Microsoft.NET.Sdk\targets\Microsoft.NET.DesignerSupport.targets(21,5): message :     ;
       C:\Program Files\dotnet\sdk\9.0.302\Sdks\Microsoft.NET.Sdk\targets\Microsoft.NET.DesignerSupport.targets(21,5): message :       _GenerateDesignerDepsFile;
       C:\Program Files\dotnet\sdk\9.0.302\Sdks\Microsoft.NET.Sdk\targets\Microsoft.NET.DesignerSupport.targets(21,5): message :       _GenerateDesignerRuntimeConfigFile;
       C:\Program Files\dotnet\sdk\9.0.302\Sdks\Microsoft.NET.Sdk\targets\Microsoft.NET.DesignerSupport.targets(21,5): message :       GetCopyToOutputDirectoryItems;
       C:\Program Files\dotnet\sdk\9.0.302\Sdks\Microsoft.NET.Sdk\targets\Microsoft.NET.DesignerSupport.targets(21,5): message :       _GatherDesignerShadowCopyFiles;
       C:\Program Files\dotnet\sdk\9.0.302\Sdks\Microsoft.NET.Sdk\targets\Microsoft.NET.DesignerSupport.targets(21,5): message :     "(이전 값: "
       C:\Program Files\dotnet\sdk\9.0.302\Sdks\Microsoft.NET.Sdk\targets\Microsoft.NET.DesignerSupport.targets(21,5): message :       ;
       C:\Program Files\dotnet\sdk\9.0.302\Sdks\Microsoft.NET.Sdk\targets\Microsoft.NET.DesignerSupport.targets(21,5): message :       
       C:\Program Files\dotnet\sdk\9.0.302\Sdks\Microsoft.NET.Sdk\targets\Microsoft.NET.DesignerSupport.targets(21,5): message :       ;
       C:\Program Files\dotnet\sdk\9.0.302\Sdks\Microsoft.NET.Sdk\targets\Microsoft.NET.DesignerSupport.targets(21,5): message :       BuildOnlySettings;
       C:\Program Files\dotnet\sdk\9.0.302\Sdks\Microsoft.NET.Sdk\targets\Microsoft.NET.DesignerSupport.targets(21,5): message :       PrepareForBuild;
       C:\Program Files\dotnet\sdk\9.0.302\Sdks\Microsoft.NET.Sdk\targets\Microsoft.NET.DesignerSupport.targets(21,5): message :       AssignTargetPaths;
       C:\Program Files\dotnet\sdk\9.0.302\Sdks\Microsoft.NET.Sdk\targets\Microsoft.NET.DesignerSupport.targets(21,5): message :       ResolveReferences
       C:\Program Files\dotnet\sdk\9.0.302\Sdks\Microsoft.NET.Sdk\targets\Microsoft.NET.DesignerSupport.targets(21,5): message :     
       C:\Program Files\dotnet\sdk\9.0.302\Sdks\Microsoft.NET.Sdk\targets\Microsoft.NET.DesignerSupport.targets(21,5): message :     ")
       C:\Program Files\dotnet\sdk\9.0.302\Sdks\Microsoft.NET.Sdk\targets\Microsoft.NET.PackTool.targets(68,5): message : 속성 재할당: $(_GenerateToolsSettingsFileCacheFile)=C:\Program Files\dotnet\sdk\9.0.302\Sdks\Microsoft.NET.Sdk\targets\Microsoft.NET.PackTool.targets (68,5)의 "D:\GitRepo\SUMMONER_Refactor\Workpiece\Summoner\Temp\obj\Unity.2D.IK.Runtime\Unity.2D.IK.Runtime.toolssettingsinput.cache"(이전 값: "Temp\obj\\Unity.2D.IK.Runtime\Unity.2D.IK.Runtime.toolssettingsinput.cache")
       C:\Program Files\dotnet\sdk\9.0.302\Sdks\Microsoft.NET.Sdk\targets\Microsoft.NET.PackTool.targets(137,5): message : 속성 재할당: $(_ShimInputCacheFile)=C:\Program Files\dotnet\sdk\9.0.302\Sdks\Microsoft.NET.Sdk\targets\Microsoft.NET.PackTool.targets (137,5)의 "D:\GitRepo\SUMMONER_Refactor\Workpiece\Summoner\Temp\obj\Unity.2D.IK.Runtime\Unity.2D.IK.Runtime.shiminput.cache"(이전 값: "Temp\obj\\Unity.2D.IK.Runtime\Unity.2D.IK.Runtime.shiminput.cache")
       C:\Program Files\dotnet\sdk\9.0.302\Sdks\Microsoft.NET.Sdk\targets\Microsoft.NET.PackTool.targets(139,5): message : 속성 재할당: $(_ShimCreatedSentinelFile)=C:\Program Files\dotnet\sdk\9.0.302\Sdks\Microsoft.NET.Sdk\targets\Microsoft.NET.PackTool.targets (139,5)의 "D:\GitRepo\SUMMONER_Refactor\Workpiece\Summoner\Temp\obj\Unity.2D.IK.Runtime\Unity.2D.IK.Runtime.shimcreated.sentinel"(이전 값: "Temp\obj\\Unity.2D.IK.Runtime\Unity.2D.IK.Runtime.shimcreated.sentinel")
       C:\Program Files\dotnet\sdk\9.0.302\Sdks\Microsoft.NET.Sdk\targets\Microsoft.NET.Sdk.CSharp.targets(31,5): message : 속성 재할당: $(DefineConstants)=C:\Program Files\dotnet\sdk\9.0.302\Sdks\Microsoft.NET.Sdk\targets\Microsoft.NET.Sdk.CSharp.targets (31,5)의 "UNITY_2022_3_44;UNITY_2022_3;UNITY_2022;UNITY_5_3_OR_NEWER;UNITY_5_4_OR_NEWER;UNITY_5_5_OR_NEWER;UNITY_5_6_OR_NEWER;UNITY_2017_1_OR_NEWER;UNITY_2017_2_OR_NEWER;UNITY_2017_3_OR_NEWER;UNITY_2017_4_OR_NEWER;UNITY_2018_1_OR_NEWER;UNITY_2018_2_OR_NEWER;UNITY_2018_3_OR_NEWER;UNITY_2018_4_OR_NEWER;UNITY_2019_1_OR_NEWER;UNITY_2019_2_OR_NEWER;UNITY_2019_3_OR_NEWER;UNITY_2019_4_OR_NEWER;UNITY_2020_1_OR_NEWER;UNITY_2020_2_OR_NEWER;UNITY_2020_3_OR_NEWER;UNITY_2021_1_OR_NEWER;UNITY_2021_2_OR_NEWER;UNITY_2021_3_OR_NEWER;UNITY_2022_1_OR_NEWER;UNITY_2022_2_OR_NEWER;UNITY_2022_3_OR_NEWER;PLATFORM_ARCH_64;UNITY_64;UNITY_INCLUDE_TESTS;ENABLE_AR;ENABLE_AUDIO;ENABLE_CACHING;ENABLE_CLOTH;ENABLE_EVENT_QUEUE;ENABLE_MICROPHONE;ENABLE_MULTIPLE_DISPLAYS;ENABLE_PHYSICS;ENABLE_TEXTURE_STREAMING;ENABLE_VIRTUALTEXTURING;ENABLE_LZMA;ENABLE_UNITYEVENTS;ENABLE_VR;ENABLE_WEBCAM;ENABLE_UNITYWEBREQUEST;ENABLE_WWW;ENABLE_CLOUD_SERVICES;ENABLE_CLOUD_SERVICES_ADS;ENABLE_CLOUD_SERVICES_USE_WEBREQUEST;ENABLE_CLOUD_SERVICES_CRASH_REPORTING;ENABLE_CLOUD_SERVICES_PURCHASING;ENABLE_CLOUD_SERVICES_ANALYTICS;ENABLE_CLOUD_SERVICES_BUILD;ENABLE_EDITOR_GAME_SERVICES;ENABLE_UNITY_GAME_SERVICES_ANALYTICS_SUPPORT;ENABLE_CLOUD_LICENSE;ENABLE_EDITOR_HUB_LICENSE;ENABLE_WEBSOCKET_CLIENT;ENABLE_GENERATE_NATIVE_PLUGINS_FOR_ASSEMBLIES_API;ENABLE_DIRECTOR_AUDIO;ENABLE_DIRECTOR_TEXTURE;ENABLE_MANAGED_JOBS;ENABLE_MANAGED_TRANSFORM_JOBS;ENABLE_MANAGED_ANIMATION_JOBS;ENABLE_MANAGED_AUDIO_JOBS;ENABLE_MANAGED_UNITYTLS;INCLUDE_DYNAMIC_GI;ENABLE_SCRIPTING_GC_WBARRIERS;PLATFORM_SUPPORTS_MONO;RENDER_SOFTWARE_CURSOR;ENABLE_VIDEO;ENABLE_ACCELERATOR_CLIENT_DEBUGGING;ENABLE_NAVIGATION_PACKAGE_DEBUG_VISUALIZATION;ENABLE_NAVIGATION_HEIGHTMESH_RUNTIME_SUPPORT;ENABLE_NAVIGATION_UI_REQUIRES_PACKAGE;PLATFORM_STANDALONE;TEXTCORE_1_0_OR_NEWER;PLATFORM_STANDALONE_WIN;UNITY_STANDALONE_WIN;UNITY_STANDALONE;ENABLE_RUNTIME_GI;ENABLE_MOVIES;ENABLE_NETWORK;ENABLE_NVIDIA;ENABLE_CRUNCH_TEXTURE_COMPRESSION;ENABLE_OUT_OF_PROCESS_CRASH_HANDLER;ENABLE_CLUSTER_SYNC;ENABLE_CLUSTERINPUT;PLATFORM_UPDATES_TIME_OUTSIDE_OF_PLAYER_LOOP;GFXDEVICE_WAITFOREVENT_MESSAGEPUMP;PLATFORM_INITIALIZES_MEMORY_MANAGER_EXPLICITLY;ENABLE_MONO;NET_STANDARD_2_0;NET_STANDARD;NET_STANDARD_2_1;NETSTANDARD;NETSTANDARD2_1;ENABLE_PROFILER;DEBUG;TRACE;UNITY_ASSERTIONS;UNITY_EDITOR;UNITY_EDITOR_64;UNITY_EDITOR_WIN;ENABLE_UNITY_COLLECTIONS_CHECKS;ENABLE_BURST_AOT;UNITY_TEAM_LICENSE;ENABLE_CUSTOM_RENDER_TEXTURE;ENABLE_DIRECTOR;ENABLE_LOCALIZATION;ENABLE_SPRITES;ENABLE_TERRAIN;ENABLE_TILEMAP;ENABLE_TIMELINE;ENABLE_LEGACY_INPUT_MANAGER;TEXTCORE_FONT_ENGINE_1_5_OR_NEWER;CSHARP_7_OR_LATER;CSHARP_7_3_OR_NEWER;DEBUG"(이전 값: "UNITY_2022_3_44;UNITY_2022_3;UNITY_2022;UNITY_5_3_OR_NEWER;UNITY_5_4_OR_NEWER;UNITY_5_5_OR_NEWER;UNITY_5_6_OR_NEWER;UNITY_2017_1_OR_NEWER;UNITY_2017_2_OR_NEWER;UNITY_2017_3_OR_NEWER;UNITY_2017_4_OR_NEWER;UNITY_2018_1_OR_NEWER;UNITY_2018_2_OR_NEWER;UNITY_2018_3_OR_NEWER;UNITY_2018_4_OR_NEWER;UNITY_2019_1_OR_NEWER;UNITY_2019_2_OR_NEWER;UNITY_2019_3_OR_NEWER;UNITY_2019_4_OR_NEWER;UNITY_2020_1_OR_NEWER;UNITY_2020_2_OR_NEWER;UNITY_2020_3_OR_NEWER;UNITY_2021_1_OR_NEWER;UNITY_2021_2_OR_NEWER;UNITY_2021_3_OR_NEWER;UNITY_2022_1_OR_NEWER;UNITY_2022_2_OR_NEWER;UNITY_2022_3_OR_NEWER;PLATFORM_ARCH_64;UNITY_64;UNITY_INCLUDE_TESTS;ENABLE_AR;ENABLE_AUDIO;ENABLE_CACHING;ENABLE_CLOTH;ENABLE_EVENT_QUEUE;ENABLE_MICROPHONE;ENABLE_MULTIPLE_DISPLAYS;ENABLE_PHYSICS;ENABLE_TEXTURE_STREAMING;ENABLE_VIRTUALTEXTURING;ENABLE_LZMA;ENABLE_UNITYEVENTS;ENABLE_VR;ENABLE_WEBCAM;ENABLE_UNITYWEBREQUEST;ENABLE_WWW;ENABLE_CLOUD_SERVICES;ENABLE_CLOUD_SERVICES_ADS;ENABLE_CLOUD_SERVICES_USE_WEBREQUEST;ENABLE_CLOUD_SERVICES_CRASH_REPORTING;ENABLE_CLOUD_SERVICES_PURCHASING;ENABLE_CLOUD_SERVICES_ANALYTICS;ENABLE_CLOUD_SERVICES_BUILD;ENABLE_EDITOR_GAME_SERVICES;ENABLE_UNITY_GAME_SERVICES_ANALYTICS_SUPPORT;ENABLE_CLOUD_LICENSE;ENABLE_EDITOR_HUB_LICENSE;ENABLE_WEBSOCKET_CLIENT;ENABLE_GENERATE_NATIVE_PLUGINS_FOR_ASSEMBLIES_API;ENABLE_DIRECTOR_AUDIO;ENABLE_DIRECTOR_TEXTURE;ENABLE_MANAGED_JOBS;ENABLE_MANAGED_TRANSFORM_JOBS;ENABLE_MANAGED_ANIMATION_JOBS;ENABLE_MANAGED_AUDIO_JOBS;ENABLE_MANAGED_UNITYTLS;INCLUDE_DYNAMIC_GI;ENABLE_SCRIPTING_GC_WBARRIERS;PLATFORM_SUPPORTS_MONO;RENDER_SOFTWARE_CURSOR;ENABLE_VIDEO;ENABLE_ACCELERATOR_CLIENT_DEBUGGING;ENABLE_NAVIGATION_PACKAGE_DEBUG_VISUALIZATION;ENABLE_NAVIGATION_HEIGHTMESH_RUNTIME_SUPPORT;ENABLE_NAVIGATION_UI_REQUIRES_PACKAGE;PLATFORM_STANDALONE;TEXTCORE_1_0_OR_NEWER;PLATFORM_STANDALONE_WIN;UNITY_STANDALONE_WIN;UNITY_STANDALONE;ENABLE_RUNTIME_GI;ENABLE_MOVIES;ENABLE_NETWORK;ENABLE_NVIDIA;ENABLE_CRUNCH_TEXTURE_COMPRESSION;ENABLE_OUT_OF_PROCESS_CRASH_HANDLER;ENABLE_CLUSTER_SYNC;ENABLE_CLUSTERINPUT;PLATFORM_UPDATES_TIME_OUTSIDE_OF_PLAYER_LOOP;GFXDEVICE_WAITFOREVENT_MESSAGEPUMP;PLATFORM_INITIALIZES_MEMORY_MANAGER_EXPLICITLY;ENABLE_MONO;NET_STANDARD_2_0;NET_STANDARD;NET_STANDARD_2_1;NETSTANDARD;NETSTANDARD2_1;ENABLE_PROFILER;DEBUG;TRACE;UNITY_ASSERTIONS;UNITY_EDITOR;UNITY_EDITOR_64;UNITY_EDITOR_WIN;ENABLE_UNITY_COLLECTIONS_CHECKS;ENABLE_BURST_AOT;UNITY_TEAM_LICENSE;ENABLE_CUSTOM_RENDER_TEXTURE;ENABLE_DIRECTOR;ENABLE_LOCALIZATION;ENABLE_SPRITES;ENABLE_TERRAIN;ENABLE_TILEMAP;ENABLE_TIMELINE;ENABLE_LEGACY_INPUT_MANAGER;TEXTCORE_FONT_ENGINE_1_5_OR_NEWER;CSHARP_7_OR_LATER;CSHARP_7_3_OR_NEWER")
       C:\Program Files\dotnet\sdk\9.0.302\Sdks\Microsoft.NET.Sdk\targets\Microsoft.NET.Sdk.CSharp.targets(34,5): message : 속성 재할당: $(DefineConstants)=C:\Program Files\dotnet\sdk\9.0.302\Sdks\Microsoft.NET.Sdk\targets\Microsoft.NET.Sdk.CSharp.targets (34,5)의 "UNITY_2022_3_44;UNITY_2022_3;UNITY_2022;UNITY_5_3_OR_NEWER;UNITY_5_4_OR_NEWER;UNITY_5_5_OR_NEWER;UNITY_5_6_OR_NEWER;UNITY_2017_1_OR_NEWER;UNITY_2017_2_OR_NEWER;UNITY_2017_3_OR_NEWER;UNITY_2017_4_OR_NEWER;UNITY_2018_1_OR_NEWER;UNITY_2018_2_OR_NEWER;UNITY_2018_3_OR_NEWER;UNITY_2018_4_OR_NEWER;UNITY_2019_1_OR_NEWER;UNITY_2019_2_OR_NEWER;UNITY_2019_3_OR_NEWER;UNITY_2019_4_OR_NEWER;UNITY_2020_1_OR_NEWER;UNITY_2020_2_OR_NEWER;UNITY_2020_3_OR_NEWER;UNITY_2021_1_OR_NEWER;UNITY_2021_2_OR_NEWER;UNITY_2021_3_OR_NEWER;UNITY_2022_1_OR_NEWER;UNITY_2022_2_OR_NEWER;UNITY_2022_3_OR_NEWER;PLATFORM_ARCH_64;UNITY_64;UNITY_INCLUDE_TESTS;ENABLE_AR;ENABLE_AUDIO;ENABLE_CACHING;ENABLE_CLOTH;ENABLE_EVENT_QUEUE;ENABLE_MICROPHONE;ENABLE_MULTIPLE_DISPLAYS;ENABLE_PHYSICS;ENABLE_TEXTURE_STREAMING;ENABLE_VIRTUALTEXTURING;ENABLE_LZMA;ENABLE_UNITYEVENTS;ENABLE_VR;ENABLE_WEBCAM;ENABLE_UNITYWEBREQUEST;ENABLE_WWW;ENABLE_CLOUD_SERVICES;ENABLE_CLOUD_SERVICES_ADS;ENABLE_CLOUD_SERVICES_USE_WEBREQUEST;ENABLE_CLOUD_SERVICES_CRASH_REPORTING;ENABLE_CLOUD_SERVICES_PURCHASING;ENABLE_CLOUD_SERVICES_ANALYTICS;ENABLE_CLOUD_SERVICES_BUILD;ENABLE_EDITOR_GAME_SERVICES;ENABLE_UNITY_GAME_SERVICES_ANALYTICS_SUPPORT;ENABLE_CLOUD_LICENSE;ENABLE_EDITOR_HUB_LICENSE;ENABLE_WEBSOCKET_CLIENT;ENABLE_GENERATE_NATIVE_PLUGINS_FOR_ASSEMBLIES_API;ENABLE_DIRECTOR_AUDIO;ENABLE_DIRECTOR_TEXTURE;ENABLE_MANAGED_JOBS;ENABLE_MANAGED_TRANSFORM_JOBS;ENABLE_MANAGED_ANIMATION_JOBS;ENABLE_MANAGED_AUDIO_JOBS;ENABLE_MANAGED_UNITYTLS;INCLUDE_DYNAMIC_GI;ENABLE_SCRIPTING_GC_WBARRIERS;PLATFORM_SUPPORTS_MONO;RENDER_SOFTWARE_CURSOR;ENABLE_VIDEO;ENABLE_ACCELERATOR_CLIENT_DEBUGGING;ENABLE_NAVIGATION_PACKAGE_DEBUG_VISUALIZATION;ENABLE_NAVIGATION_HEIGHTMESH_RUNTIME_SUPPORT;ENABLE_NAVIGATION_UI_REQUIRES_PACKAGE;PLATFORM_STANDALONE;TEXTCORE_1_0_OR_NEWER;PLATFORM_STANDALONE_WIN;UNITY_STANDALONE_WIN;UNITY_STANDALONE;ENABLE_RUNTIME_GI;ENABLE_MOVIES;ENABLE_NETWORK;ENABLE_NVIDIA;ENABLE_CRUNCH_TEXTURE_COMPRESSION;ENABLE_OUT_OF_PROCESS_CRASH_HANDLER;ENABLE_CLUSTER_SYNC;ENABLE_CLUSTERINPUT;PLATFORM_UPDATES_TIME_OUTSIDE_OF_PLAYER_LOOP;GFXDEVICE_WAITFOREVENT_MESSAGEPUMP;PLATFORM_INITIALIZES_MEMORY_MANAGER_EXPLICITLY;ENABLE_MONO;NET_STANDARD_2_0;NET_STANDARD;NET_STANDARD_2_1;NETSTANDARD;NETSTANDARD2_1;ENABLE_PROFILER;DEBUG;TRACE;UNITY_ASSERTIONS;UNITY_EDITOR;UNITY_EDITOR_64;UNITY_EDITOR_WIN;ENABLE_UNITY_COLLECTIONS_CHECKS;ENABLE_BURST_AOT;UNITY_TEAM_LICENSE;ENABLE_CUSTOM_RENDER_TEXTURE;ENABLE_DIRECTOR;ENABLE_LOCALIZATION;ENABLE_SPRITES;ENABLE_TERRAIN;ENABLE_TILEMAP;ENABLE_TIMELINE;ENABLE_LEGACY_INPUT_MANAGER;TEXTCORE_FONT_ENGINE_1_5_OR_NEWER;CSHARP_7_OR_LATER;CSHARP_7_3_OR_NEWER;DEBUG;NETSTANDARD;NETSTANDARD2_1;"(이전 값: "UNITY_2022_3_44;UNITY_2022_3;UNITY_2022;UNITY_5_3_OR_NEWER;UNITY_5_4_OR_NEWER;UNITY_5_5_OR_NEWER;UNITY_5_6_OR_NEWER;UNITY_2017_1_OR_NEWER;UNITY_2017_2_OR_NEWER;UNITY_2017_3_OR_NEWER;UNITY_2017_4_OR_NEWER;UNITY_2018_1_OR_NEWER;UNITY_2018_2_OR_NEWER;UNITY_2018_3_OR_NEWER;UNITY_2018_4_OR_NEWER;UNITY_2019_1_OR_NEWER;UNITY_2019_2_OR_NEWER;UNITY_2019_3_OR_NEWER;UNITY_2019_4_OR_NEWER;UNITY_2020_1_OR_NEWER;UNITY_2020_2_OR_NEWER;UNITY_2020_3_OR_NEWER;UNITY_2021_1_OR_NEWER;UNITY_2021_2_OR_NEWER;UNITY_2021_3_OR_NEWER;UNITY_2022_1_OR_NEWER;UNITY_2022_2_OR_NEWER;UNITY_2022_3_OR_NEWER;PLATFORM_ARCH_64;UNITY_64;UNITY_INCLUDE_TESTS;ENABLE_AR;ENABLE_AUDIO;ENABLE_CACHING;ENABLE_CLOTH;ENABLE_EVENT_QUEUE;ENABLE_MICROPHONE;ENABLE_MULTIPLE_DISPLAYS;ENABLE_PHYSICS;ENABLE_TEXTURE_STREAMING;ENABLE_VIRTUALTEXTURING;ENABLE_LZMA;ENABLE_UNITYEVENTS;ENABLE_VR;ENABLE_WEBCAM;ENABLE_UNITYWEBREQUEST;ENABLE_WWW;ENABLE_CLOUD_SERVICES;ENABLE_CLOUD_SERVICES_ADS;ENABLE_CLOUD_SERVICES_USE_WEBREQUEST;ENABLE_CLOUD_SERVICES_CRASH_REPORTING;ENABLE_CLOUD_SERVICES_PURCHASING;ENABLE_CLOUD_SERVICES_ANALYTICS;ENABLE_CLOUD_SERVICES_BUILD;ENABLE_EDITOR_GAME_SERVICES;ENABLE_UNITY_GAME_SERVICES_ANALYTICS_SUPPORT;ENABLE_CLOUD_LICENSE;ENABLE_EDITOR_HUB_LICENSE;ENABLE_WEBSOCKET_CLIENT;ENABLE_GENERATE_NATIVE_PLUGINS_FOR_ASSEMBLIES_API;ENABLE_DIRECTOR_AUDIO;ENABLE_DIRECTOR_TEXTURE;ENABLE_MANAGED_JOBS;ENABLE_MANAGED_TRANSFORM_JOBS;ENABLE_MANAGED_ANIMATION_JOBS;ENABLE_MANAGED_AUDIO_JOBS;ENABLE_MANAGED_UNITYTLS;INCLUDE_DYNAMIC_GI;ENABLE_SCRIPTING_GC_WBARRIERS;PLATFORM_SUPPORTS_MONO;RENDER_SOFTWARE_CURSOR;ENABLE_VIDEO;ENABLE_ACCELERATOR_CLIENT_DEBUGGING;ENABLE_NAVIGATION_PACKAGE_DEBUG_VISUALIZATION;ENABLE_NAVIGATION_HEIGHTMESH_RUNTIME_SUPPORT;ENABLE_NAVIGATION_UI_REQUIRES_PACKAGE;PLATFORM_STANDALONE;TEXTCORE_1_0_OR_NEWER;PLATFORM_STANDALONE_WIN;UNITY_STANDALONE_WIN;UNITY_STANDALONE;ENABLE_RUNTIME_GI;ENABLE_MOVIES;ENABLE_NETWORK;ENABLE_NVIDIA;ENABLE_CRUNCH_TEXTURE_COMPRESSION;ENABLE_OUT_OF_PROCESS_CRASH_HANDLER;ENABLE_CLUSTER_SYNC;ENABLE_CLUSTERINPUT;PLATFORM_UPDATES_TIME_OUTSIDE_OF_PLAYER_LOOP;GFXDEVICE_WAITFOREVENT_MESSAGEPUMP;PLATFORM_INITIALIZES_MEMORY_MANAGER_EXPLICITLY;ENABLE_MONO;NET_STANDARD_2_0;NET_STANDARD;NET_STANDARD_2_1;NETSTANDARD;NETSTANDARD2_1;ENABLE_PROFILER;DEBUG;TRACE;UNITY_ASSERTIONS;UNITY_EDITOR;UNITY_EDITOR_64;UNITY_EDITOR_WIN;ENABLE_UNITY_COLLECTIONS_CHECKS;ENABLE_BURST_AOT;UNITY_TEAM_LICENSE;ENABLE_CUSTOM_RENDER_TEXTURE;ENABLE_DIRECTOR;ENABLE_LOCALIZATION;ENABLE_SPRITES;ENABLE_TERRAIN;ENABLE_TILEMAP;ENABLE_TIMELINE;ENABLE_LEGACY_INPUT_MANAGER;TEXTCORE_FONT_ENGINE_1_5_OR_NEWER;CSHARP_7_OR_LATER;CSHARP_7_3_OR_NEWER;DEBUG")
       C:\Program Files\dotnet\sdk\9.0.302\Sdks\Microsoft.NET.Sdk\targets\Microsoft.NET.Windows.targets(44,5): message : 속성 재할당: $(SupportedOSPlatformVersion)=C:\Program Files\dotnet\sdk\9.0.302\Sdks\Microsoft.NET.Sdk\targets\Microsoft.NET.Windows.targets (44,5)의 "7.0"(이전 값: "")
       C:\Program Files\dotnet\sdk\9.0.302\Sdks\Microsoft.NET.Sdk\targets\Microsoft.NET.Windows.targets(45,5): message : 속성 재할당: $(TargetPlatformMinVersion)=C:\Program Files\dotnet\sdk\9.0.302\Sdks\Microsoft.NET.Sdk\targets\Microsoft.NET.Windows.targets (45,5)의 "7.0"(이전 값: "")
       C:\Program Files\dotnet\sdk\9.0.302\Sdks\NuGet.Build.Tasks.Pack\build\NuGet.Build.Tasks.Pack.targets(34,5): message : 속성 재할당: $(PackageDescription)=C:\Program Files\dotnet\sdk\9.0.302\Sdks\NuGet.Build.Tasks.Pack\build\NuGet.Build.Tasks.Pack.targets (34,5)의 "Package Description"(이전 값: "")
       C:\Program Files\dotnet\sdk\9.0.302\Sdks\NuGet.Build.Tasks.Pack\build\NuGet.Build.Tasks.Pack.targets(59,5): message : 속성 재할당: $(GenerateNuspecDependsOn)=C:\Program Files\dotnet\sdk\9.0.302\Sdks\NuGet.Build.Tasks.Pack\build\NuGet.Build.Tasks.Pack.targets (59,5)의 "Build;_LoadPackInputItems; _GetTargetFrameworksOutput; _WalkEachTargetPerFramework; _GetPackageFiles; "(이전 값: "_LoadPackInputItems; _GetTargetFrameworksOutput; _WalkEachTargetPerFramework; _GetPackageFiles; ")
       C:\Program Files\dotnet\sdk\9.0.302\Sdks\Microsoft.NET.Sdk\Sdk\Sdk.targets(60,5): message : 속성 재할당: $(_IsNotSetContainersTargetsDir)=C:\Program Files\dotnet\sdk\9.0.302\Sdks\Microsoft.NET.Sdk\Sdk\Sdk.targets (60,5)의 "true"(이전 값: "false")
       C:\Program Files\dotnet\sdk\9.0.302\Containers\build\Microsoft.NET.Build.Containers.targets(5,5): message : 속성 재할당: $(_IsSDKContainerAllowedVersion)=C:\Program Files\dotnet\sdk\9.0.302\Containers\build\Microsoft.NET.Build.Containers.targets (5,5)의 "true"(이전 값: "false")
       "C:\Program Files\dotnet\sdk\9.0.302\Microsoft.Common.CurrentVersion.targets" 프로젝트의 "ResolveFrameworkReferences" 대상을 "C:\Program Files\dotnet\sdk\9.0.302\Sdks\Microsoft.NET.Sdk\targets\Microsoft.NET.Sdk.FrameworkReferenceResolution.targets" 프로젝트의 "ResolveFrameworkReferences" 대상으로 재정의하고 있습니다.
       "C:\Program Files\dotnet\sdk\9.0.302\Microsoft.Common.CurrentVersion.targets" 프로젝트의 "Run" 대상을 "C:\Program Files\dotnet\sdk\9.0.302\Sdks\Microsoft.NET.Sdk\targets\Microsoft.NET.Sdk.targets" 프로젝트의 "Run" 대상으로 재정의하고 있습니다.
       "C:\Program Files\dotnet\sdk\9.0.302\Microsoft.Common.CurrentVersion.targets" 프로젝트의 "GenerateSupportedTargetFrameworkAlias" 대상을 "C:\Program Files\dotnet\sdk\9.0.302\Sdks\Microsoft.NET.Sdk\targets\Microsoft.NET.Sdk.targets" 프로젝트의 "GenerateSupportedTargetFrameworkAlias" 대상으로 재정의하고 있습니다.
       "C:\Program Files\dotnet\sdk\9.0.302\Microsoft.Common.CurrentVersion.targets" 프로젝트의 "GetReferenceAssemblyPaths" 대상을 "C:\Program Files\dotnet\sdk\9.0.302\Sdks\Microsoft.NET.Sdk\targets\Microsoft.NET.DisableStandardFrameworkResolution.targets" 프로젝트의 "GetReferenceAssemblyPaths" 대상으로 재정의하고 있습니다.
       "C:\Program Files\dotnet\sdk\9.0.302\Microsoft.Common.CurrentVersion.targets" 프로젝트의 "GetFrameworkPaths" 대상을 "C:\Program Files\dotnet\sdk\9.0.302\Sdks\Microsoft.NET.Sdk\targets\Microsoft.NET.DisableStandardFrameworkResolution.targets" 프로젝트의 "GetFrameworkPaths" 대상으로 재정의하고 있습니다.
       "C:\Program Files\dotnet\sdk\9.0.302\Microsoft.Common.CurrentVersion.targets" 프로젝트의 "DesignerRuntimeImplementationProjectOutputGroup" 대상을 "C:\Program Files\dotnet\sdk\9.0.302\Sdks\Microsoft.NET.Sdk\targets\Microsoft.NET.DesignerSupport.targets" 프로젝트의 "DesignerRuntimeImplementationProjectOutputGroup" 대상으로 재정의하고 있습니다.
       "C:\Program Files\dotnet\sdk\9.0.302\Microsoft.Common.CurrentVersion.targets" 프로젝트의 "Publish" 대상을 "C:\Program Files\dotnet\sdk\9.0.302\Sdks\Microsoft.NET.Sdk\targets\Microsoft.NET.Publish.targets" 프로젝트의 "Publish" 대상으로 재정의하고 있습니다.
       "C:\Program Files\dotnet\sdk\9.0.302\Sdks\Microsoft.NET.Sdk\targets\Microsoft.NET.CrossGen.targets" 프로젝트의 "ResolveReadyToRunCompilers" 대상을 "C:\Program Files\dotnet\sdk\9.0.302\Sdks\Microsoft.NET.Sdk\targets\Microsoft.NET.Publish.targets" 프로젝트의 "ResolveReadyToRunCompilers" 대상으로 재정의하고 있습니다.
       "C:\Program Files\dotnet\sdk\9.0.302\Microsoft.Common.CurrentVersion.targets" 프로젝트의 "GetCopyToPublishDirectoryItems" 대상을 "C:\Program Files\dotnet\sdk\9.0.302\Sdks\Microsoft.NET.Sdk\targets\Microsoft.NET.Publish.targets" 프로젝트의 "GetCopyToPublishDirectoryItems" 대상으로 재정의하고 있습니다.
   1:3>"D:\GitRepo\SUMMONER_Refactor\Workpiece\Summoner\Assembly-CSharp.csproj"(1:3) 프로젝트가 1 노드에서 "D:\GitRepo\SUMMONER_Refactor\Workpiece\Summoner\Unity.2D.IK.Runtime.csproj"(2)을(를) 빌드하고 있습니다(_GenerateRestoreProjectPathWalk 대상).
     2>조건이 잘못되어 "_GenerateRestoreProjectPathItemsAllFrameworks" 대상을 건너뜁니다. ( '$(TargetFrameworks)' != '' )이(가) ( '' != '' )(으)로 확인되었습니다.
     2>"D:\GitRepo\SUMMONER_Refactor\Workpiece\Summoner\Unity.2D.IK.Runtime.csproj" 프로젝트의 "C:\Program Files\dotnet\sdk\9.0.302\NuGet.targets" 파일에 있는 "_GenerateRestoreProjectPathItemsPerFramework" 대상("_GenerateRestoreProjectPathItemsCurrentProject" 대상이 종속됨):
       "ConvertToAbsolutePath" 작업
         작업 매개 변수:
             Paths=
                 D:\GitRepo\SUMMONER_Refactor\Workpiece\Summoner\Unity.InternalAPIEngineBridge.001.csproj
                         OutputItemType=
                         ReferenceSourceTarget=ProjectReference
                         Targets=
         출력 속성: _RestoreGraphAbsoluteProjectPaths=D:\GitRepo\SUMMONER_Refactor\Workpiece\Summoner\Unity.InternalAPIEngineBridge.001.csproj
       "ConvertToAbsolutePath" 작업을 실행했습니다.
       추가된 항목: _RestoreProjectPathItems=D:\GitRepo\SUMMONER_Refactor\Workpiece\Summoner\Unity.InternalAPIEngineBridge.001.csproj
     2>"Unity.2D.IK.Runtime.csproj" 프로젝트에 "_GenerateRestoreProjectPathItemsPerFramework" 대상을 빌드했습니다.
     2>"D:\GitRepo\SUMMONER_Refactor\Workpiece\Summoner\Unity.2D.IK.Runtime.csproj" 프로젝트의 "C:\Program Files\dotnet\sdk\9.0.302\NuGet.targets" 파일에 있는 "_GenerateRestoreProjectPathItemsCurrentProject" 대상("_GenerateRestoreProjectPathItems" 대상이 종속됨):
     2>"Unity.2D.IK.Runtime.csproj" 프로젝트에 "_GenerateRestoreProjectPathItemsCurrentProject" 대상을 빌드했습니다.
     2>"D:\GitRepo\SUMMONER_Refactor\Workpiece\Summoner\Unity.2D.IK.Runtime.csproj" 프로젝트의 "C:\Program Files\dotnet\sdk\9.0.302\NuGet.targets" 파일에 있는 "_GenerateRestoreProjectPathItems" 대상("_GenerateRestoreProjectPathWalk" 대상이 종속됨):
       "RemoveDuplicates" 작업
         출력 항목: _CurrentRestoreProjectPathItems=D:\GitRepo\SUMMONER_Refactor\Workpiece\Summoner\Unity.InternalAPIEngineBridge.001.csproj
       "RemoveDuplicates" 작업을 실행했습니다.
     2>"Unity.2D.IK.Runtime.csproj" 프로젝트에 "_GenerateRestoreProjectPathItems" 대상을 빌드했습니다.
     2>"D:\GitRepo\SUMMONER_Refactor\Workpiece\Summoner\Unity.2D.IK.Runtime.csproj" 프로젝트의 "C:\Program Files\dotnet\sdk\9.0.302\NuGet.targets" 파일에 있는 "_GenerateRestoreProjectPathWalk" 대상(진입점):
       "MSBuild" 작업
         작업 매개 변수:SkipNonexistentTargets=True
         작업 매개 변수:SkipNonexistentProjects=true
         작업 매개 변수:BuildInParallel=True
         작업 매개 변수:Projects=D:\GitRepo\SUMMONER_Refactor\Workpiece\Summoner\Unity.InternalAPIEngineBridge.001.csproj
         작업 매개 변수:Targets=_GenerateRestoreProjectPathWalk
         작업 매개 변수:Properties=ExcludeRestorePackageImports=true
         전역 속성:
           ExcludeRestorePackageImports=true
     1>"MSBuild" 작업을 실행했습니다. - 실패
   1:3>"MSBuild" 작업을 실행했습니다. - 실패
     2>"MSBuild" 작업을 실행했습니다. - 실패
     2>"Unity.2D.IK.Runtime.csproj" 프로젝트에 "_GenerateRestoreProjectPathWalk" 대상을 빌드했습니다. - 실패
   1:3>"Assembly-CSharp.csproj" 프로젝트에 "_GenerateRestoreProjectPathWalk" 대상을 빌드했습니다. - 실패
     1>"Assembly-CSharp.csproj" 프로젝트에 "_GetAllRestoreProjectPathItems" 대상을 빌드했습니다. - 실패
     2>"D:\GitRepo\SUMMONER_Refactor\Workpiece\Summoner\Unity.2D.IK.Runtime.csproj" 프로젝트를 빌드했습니다(_GenerateRestoreProjectPathWalk 대상). - 실패
     1>"D:\GitRepo\SUMMONER_Refactor\Workpiece\Summoner\Assembly-CSharp.csproj" 프로젝트를 빌드했습니다(Restore 대상). - 실패
   1:3>"D:\GitRepo\SUMMONER_Refactor\Workpiece\Summoner\Assembly-CSharp.csproj" 프로젝트를 빌드했습니다(_GenerateRestoreProjectPathWalk 대상). - 실패

빌드하지 못했습니다.
    경고 0개
    오류 0개

경과 시간: 00:00:36.31
